SELECT @@VERSION;
GO
CREATE DATABASE [LibeyTechnicalTest];
GO
USE [LibeyTechnicalTest]
GO
CREATE TABLE Region (
	RegionCode	 		char(2) PRIMARY KEY,
	RegionDescription 	varchar(200)
)
GO
CREATE TABLE Province (
	ProvinceCode	 	char(4) PRIMARY KEY,
	RegionCode	 		char(2),
	ProvinceDescription varchar(200)
)
GO
CREATE TABLE Ubigeo(
	UbigeoCode	 		char(6) PRIMARY KEY,
	ProvinceCode 		char(4),
	RegionCode	 		char(2),
	UbigeoDescription 	varchar(200)
)
GO
CREATE TABLE DocumentType(
	DocumentTypeId	 		int PRIMARY KEY,	
	DocumentTypeDescription varchar(200)
)
GO
CREATE TABLE LibeyUser(
	DocumentNumber 	varchar(20) PRIMARY KEY,
	DocumentTypeId 	int,
	Name 			varchar(100),
	FathersLastName varchar(100),
	MothersLastName varchar(100),
	Address 		varchar(100),
	UbigeoCode		char(6),
	Phone 			varchar(20),
	Email 			varchar(20),
	Password 		varchar(20),
	Active			bit
) 
GO
INSERT INTO DocumentType VALUE (1,'Documento Nacional de Identidad')
INSERT INTO DocumentType VALUE (1,'Registro Único de Contribuyente ')
GO
 INSERT INTO Region VALUE ('01','Amazonas')
 INSERT INTO Region VALUE ('02','Ancash')
 INSERT INTO Region VALUE ('03','Apurimac')
 INSERT INTO Region VALUE ('04','Arequipa')
 INSERT INTO Region VALUE ('05','Ayacucho')
 INSERT INTO Region VALUE ('06','Cajamarca')
 INSERT INTO Region VALUE ('07','Callao')
 INSERT INTO Region VALUE ('08','Cusco')
 INSERT INTO Region VALUE ('09','Huancavelica')
 INSERT INTO Region VALUE ('10','Huanuco')
 INSERT INTO Region VALUE ('11','Ica')
 INSERT INTO Region VALUE ('12','Junin')
 INSERT INTO Region VALUE ('13','La Libertad')
 INSERT INTO Region VALUE ('14','Lambayeque')
 INSERT INTO Region VALUE ('15','Lima')
 INSERT INTO Region VALUE ('16','Loreto')
 INSERT INTO Region VALUE ('17','Madre de Dios')
 INSERT INTO Region VALUE ('18','Moquegua')
 INSERT INTO Region VALUE ('19','Pasco')
 INSERT INTO Region VALUE ('20','Piura')
 INSERT INTO Region VALUE ('21','Puno')
 INSERT INTO Region VALUE ('22','San Martin')
 INSERT INTO Region VALUE ('23','Tacna')
 INSERT INTO Region VALUE ('24','Tumbes')
 INSERT INTO Region VALUE ('25','Ucayali')
GO
 INSERT INTO Province VALUE ('0101','01','Chachapoyas')
 INSERT INTO Province VALUE ('0102','01','Bagua')
 INSERT INTO Province VALUE ('0103','01','Bongara')
 INSERT INTO Province VALUE ('0104','01','Condorcanqui')
 INSERT INTO Province VALUE ('0105','01','Luya')
 INSERT INTO Province VALUE ('0106','01','Rodriguez De Mendoza')
 INSERT INTO Province VALUE ('0107','01','Utcubamba')
 INSERT INTO Province VALUE ('0201','02','Huaraz')
 INSERT INTO Province VALUE ('0202','02','Aija')
 INSERT INTO Province VALUE ('0203','02','Antonio Raymondi')
 INSERT INTO Province VALUE ('0204','02','Asuncion')
 INSERT INTO Province VALUE ('0205','02','Bolognesi')
 INSERT INTO Province VALUE ('0206','02','Carhuaz')
 INSERT INTO Province VALUE ('0207','02','Carlos Fermin Fitzcarrald')
 INSERT INTO Province VALUE ('0208','02','Casma')
 INSERT INTO Province VALUE ('0209','02','Corongo')
 INSERT INTO Province VALUE ('0210','02','Huari')
 INSERT INTO Province VALUE ('0211','02','Huarmey')
 INSERT INTO Province VALUE ('0212','02','Huaylas')
 INSERT INTO Province VALUE ('0213','02','Mariscal Luzuriaga')
 INSERT INTO Province VALUE ('0214','02','Ocros')
 INSERT INTO Province VALUE ('0215','02','Pallasca')
 INSERT INTO Province VALUE ('0216','02','Pomabamba')
 INSERT INTO Province VALUE ('0217','02','Recuay')
 INSERT INTO Province VALUE ('0218','02','Santa')
 INSERT INTO Province VALUE ('0219','02','Sihuas')
 INSERT INTO Province VALUE ('0220','02','Yungay')
 INSERT INTO Province VALUE ('0301','03','Abancay')
 INSERT INTO Province VALUE ('0302','03','Andahuaylas')
 INSERT INTO Province VALUE ('0303','03','Antabamba')
 INSERT INTO Province VALUE ('0304','03','Aymaraes')
 INSERT INTO Province VALUE ('0305','03','Cotabambas')
 INSERT INTO Province VALUE ('0306','03','Chincheros')
 INSERT INTO Province VALUE ('0307','03','Grau')
 INSERT INTO Province VALUE ('0401','04','Arequipa')
 INSERT INTO Province VALUE ('0402','04','Camana')
 INSERT INTO Province VALUE ('0403','04','Caraveli')
 INSERT INTO Province VALUE ('0404','04','Castilla')
 INSERT INTO Province VALUE ('0405','04','Caylloma')
 INSERT INTO Province VALUE ('0406','04','Condesuyos')
 INSERT INTO Province VALUE ('0407','04','Islay')
 INSERT INTO Province VALUE ('0408','04','La Union')
 INSERT INTO Province VALUE ('0501','05','Huamanga')
 INSERT INTO Province VALUE ('0502','05','Cangallo')
 INSERT INTO Province VALUE ('0503','05','Huanca Sancos')
 INSERT INTO Province VALUE ('0504','05','Huanta')
 INSERT INTO Province VALUE ('0505','05','La Mar')
 INSERT INTO Province VALUE ('0506','05','Lucanas')
 INSERT INTO Province VALUE ('0507','05','Parinacochas')
 INSERT INTO Province VALUE ('0508','05','Paucar Del Sara Sara')
 INSERT INTO Province VALUE ('0509','05','Sucre')
 INSERT INTO Province VALUE ('0510','05','Victor Fajardo')
 INSERT INTO Province VALUE ('0511','05','Vilcas Huaman')
 INSERT INTO Province VALUE ('0601','06','Cajamarca')
 INSERT INTO Province VALUE ('0602','06','Cajabamba')
 INSERT INTO Province VALUE ('0603','06','Celendin')
 INSERT INTO Province VALUE ('0604','06','Chota')
 INSERT INTO Province VALUE ('0605','06','Contumaza')
 INSERT INTO Province VALUE ('0606','06','Cutervo')
 INSERT INTO Province VALUE ('0607','06','Hualgayoc')
 INSERT INTO Province VALUE ('0608','06','Jaen')
 INSERT INTO Province VALUE ('0609','06','San Ignacio')
 INSERT INTO Province VALUE ('0610','06','San Marcos')
 INSERT INTO Province VALUE ('0611','06','San Miguel')
 INSERT INTO Province VALUE ('0612','06','San Pablo')
 INSERT INTO Province VALUE ('0613','06','Santa Cruz')
 INSERT INTO Province VALUE ('0701','07','Callao')
 INSERT INTO Province VALUE ('0801','08','Cusco')
 INSERT INTO Province VALUE ('0802','08','Acomayo')
 INSERT INTO Province VALUE ('0803','08','Anta')
 INSERT INTO Province VALUE ('0804','08','Calca')
 INSERT INTO Province VALUE ('0805','08','Canas')
 INSERT INTO Province VALUE ('0806','08','Canchis')
 INSERT INTO Province VALUE ('0807','08','Chumbivilcas')
 INSERT INTO Province VALUE ('0808','08','Espinar')
 INSERT INTO Province VALUE ('0809','08','La Convencion')
 INSERT INTO Province VALUE ('0810','08','Paruro')
 INSERT INTO Province VALUE ('0811','08','Paucartambo')
 INSERT INTO Province VALUE ('0812','08','Quispicanchi')
 INSERT INTO Province VALUE ('0813','08','Urubamba')
 INSERT INTO Province VALUE ('0901','09','Huancavelica')
 INSERT INTO Province VALUE ('0902','09','Acobamba')
 INSERT INTO Province VALUE ('0903','09','Angaraes')
 INSERT INTO Province VALUE ('0904','09','Castrovirreyna')
 INSERT INTO Province VALUE ('0905','09','Churcampa')
 INSERT INTO Province VALUE ('0906','09','Huaytara')
 INSERT INTO Province VALUE ('0907','09','Tayacaja')
 INSERT INTO Province VALUE ('1001','10','Huanuco')
 INSERT INTO Province VALUE ('1002','10','Ambo')
 INSERT INTO Province VALUE ('1003','10','Dos De Mayo')
 INSERT INTO Province VALUE ('1004','10','Huacaybamba')
 INSERT INTO Province VALUE ('1005','10','Huamalies')
 INSERT INTO Province VALUE ('1006','10','Leoncio Prado')
 INSERT INTO Province VALUE ('1007','10','Marañon')
 INSERT INTO Province VALUE ('1008','10','Pachitea')
 INSERT INTO Province VALUE ('1009','10','Puerto Inca')
 INSERT INTO Province VALUE ('1010','10','Lauricocha')
 INSERT INTO Province VALUE ('1011','10','Yarowilca')
 INSERT INTO Province VALUE ('1101','11','Ica')
 INSERT INTO Province VALUE ('1102','11','Chincha')
 INSERT INTO Province VALUE ('1103','11','Nasca')
 INSERT INTO Province VALUE ('1104','11','Palpa')
 INSERT INTO Province VALUE ('1105','11','Pisco')
 INSERT INTO Province VALUE ('1201','12','Huancayo')
 INSERT INTO Province VALUE ('1202','12','Concepcion')
 INSERT INTO Province VALUE ('1203','12','Chanchamayo')
 INSERT INTO Province VALUE ('1204','12','Jauja')
 INSERT INTO Province VALUE ('1205','12','Junin')
 INSERT INTO Province VALUE ('1206','12','Satipo')
 INSERT INTO Province VALUE ('1207','12','Tarma')
 INSERT INTO Province VALUE ('1208','12','Yauli')
 INSERT INTO Province VALUE ('1209','12','Chupaca')
 INSERT INTO Province VALUE ('1301','13','Trujillo')
 INSERT INTO Province VALUE ('1302','13','Ascope')
 INSERT INTO Province VALUE ('1303','13','Bolivar')
 INSERT INTO Province VALUE ('1304','13','Chepen')
 INSERT INTO Province VALUE ('1305','13','Julcan')
 INSERT INTO Province VALUE ('1306','13','Otuzco')
 INSERT INTO Province VALUE ('1307','13','Pacasmayo')
 INSERT INTO Province VALUE ('1308','13','Pataz')
 INSERT INTO Province VALUE ('1309','13','Sanchez Carrion')
 INSERT INTO Province VALUE ('1310','13','Santiago De Chuco')
 INSERT INTO Province VALUE ('1311','13','Gran Chimu')
 INSERT INTO Province VALUE ('1312','13','Viru')
 INSERT INTO Province VALUE ('1401','14','Chiclayo')
 INSERT INTO Province VALUE ('1402','14','Ferreñafe')
 INSERT INTO Province VALUE ('1403','14','Lambayeque')
 INSERT INTO Province VALUE ('1501','15','Lima')
 INSERT INTO Province VALUE ('1502','15','Barranca')
 INSERT INTO Province VALUE ('1503','15','Cajatambo')
 INSERT INTO Province VALUE ('1504','15','Canta')
 INSERT INTO Province VALUE ('1505','15','Cañete')
 INSERT INTO Province VALUE ('1506','15','Huaral')
 INSERT INTO Province VALUE ('1507','15','Huarochiri')
 INSERT INTO Province VALUE ('1508','15','Huaura')
 INSERT INTO Province VALUE ('1509','15','Oyon')
 INSERT INTO Province VALUE ('1510','15','Yauyos')
 INSERT INTO Province VALUE ('1601','16','Maynas')
 INSERT INTO Province VALUE ('1602','16','Alto Amazonas')
 INSERT INTO Province VALUE ('1603','16','Loreto')
 INSERT INTO Province VALUE ('1604','16','Mariscal Ramon Castilla')
 INSERT INTO Province VALUE ('1605','16','Requena')
 INSERT INTO Province VALUE ('1606','16','Ucayali')
 INSERT INTO Province VALUE ('1607','16','Datem Del Marañon')
 INSERT INTO Province VALUE ('1608','16','Putumayo')
 INSERT INTO Province VALUE ('1701','17','Tambopata')
 INSERT INTO Province VALUE ('1702','17','Manu')
 INSERT INTO Province VALUE ('1703','17','Tahuamanu')
 INSERT INTO Province VALUE ('1801','18','Mariscal Nieto')
 INSERT INTO Province VALUE ('1802','18','General Sanchez Cerro')
 INSERT INTO Province VALUE ('1803','18','Ilo')
 INSERT INTO Province VALUE ('1901','19','Pasco')
 INSERT INTO Province VALUE ('1902','19','Daniel Alcides Carrion')
 INSERT INTO Province VALUE ('1903','19','Oxapampa')
 INSERT INTO Province VALUE ('2001','20','Piura')
 INSERT INTO Province VALUE ('2002','20','Ayabaca')
 INSERT INTO Province VALUE ('2003','20','Huancabamba')
 INSERT INTO Province VALUE ('2004','20','Morropon')
 INSERT INTO Province VALUE ('2005','20','Paita')
 INSERT INTO Province VALUE ('2006','20','Sullana')
 INSERT INTO Province VALUE ('2007','20','Talara')
 INSERT INTO Province VALUE ('2008','20','Sechura')
 INSERT INTO Province VALUE ('2101','21','Puno')
 INSERT INTO Province VALUE ('2102','21','Azangaro')
 INSERT INTO Province VALUE ('2103','21','Carabaya')
 INSERT INTO Province VALUE ('2104','21','Chucuito')
 INSERT INTO Province VALUE ('2105','21','El Collao')
 INSERT INTO Province VALUE ('2106','21','Huancane')
 INSERT INTO Province VALUE ('2107','21','Lampa')
 INSERT INTO Province VALUE ('2108','21','Melgar')
 INSERT INTO Province VALUE ('2109','21','Moho')
 INSERT INTO Province VALUE ('2110','21','San Antonio De Putina')
 INSERT INTO Province VALUE ('2111','21','San Roman')
 INSERT INTO Province VALUE ('2112','21','Sandia')
 INSERT INTO Province VALUE ('2113','21','Yunguyo')
 INSERT INTO Province VALUE ('2201','22','Moyobamba')
 INSERT INTO Province VALUE ('2202','22','Bellavista')
 INSERT INTO Province VALUE ('2203','22','El Dorado')
 INSERT INTO Province VALUE ('2204','22','Huallaga')
 INSERT INTO Province VALUE ('2205','22','Lamas')
 INSERT INTO Province VALUE ('2206','22','Mariscal Caceres')
 INSERT INTO Province VALUE ('2207','22','Picota')
 INSERT INTO Province VALUE ('2208','22','Rioja')
 INSERT INTO Province VALUE ('2209','22','San Martin')
 INSERT INTO Province VALUE ('2210','22','Tocache')
 INSERT INTO Province VALUE ('2301','23','Tacna')
 INSERT INTO Province VALUE ('2302','23','Candarave')
 INSERT INTO Province VALUE ('2303','23','Jorge Basadre')
 INSERT INTO Province VALUE ('2304','23','Tarata')
 INSERT INTO Province VALUE ('2401','24','Tumbes')
 INSERT INTO Province VALUE ('2402','24','Contralmirante Villar')
 INSERT INTO Province VALUE ('2403','24','Zarumilla')
 INSERT INTO Province VALUE ('2501','25','Coronel Portillo')
 INSERT INTO Province VALUE ('2502','25','Atalaya')
 INSERT INTO Province VALUE ('2503','25','Padre Abad')
 INSERT INTO Province VALUE ('2504','25','Purus')
 INSERT INTO Province VALUE ('A101','A1','Buenos Aires')
 INSERT INTO Province VALUE ('A102','A1','Mar de Plata')
 INSERT INTO Province VALUE ('A201','A2','Mendoza')
 INSERT INTO Province VALUE ('E101','E1','Madrid')
 INSERT INTO Province VALUE ('E201','E2','Sevilla')
 INSERT INTO Province VALUE ('E301','E3','Barcelona')
GO
 INSERT INTO Ubigeo VALUE ('010101','0101','01','Chachapoyas')
 INSERT INTO Ubigeo VALUE ('010102','0101','01','Asuncion')
 INSERT INTO Ubigeo VALUE ('010103','0101','01','Balsas')
 INSERT INTO Ubigeo VALUE ('010104','0101','01','Cheto')
 INSERT INTO Ubigeo VALUE ('010105','0101','01','Chiliquin')
 INSERT INTO Ubigeo VALUE ('010106','0101','01','Chuquibamba')
 INSERT INTO Ubigeo VALUE ('010107','0101','01','Granada')
 INSERT INTO Ubigeo VALUE ('010108','0101','01','Huancas')
 INSERT INTO Ubigeo VALUE ('010109','0101','01','La Jalca')
 INSERT INTO Ubigeo VALUE ('010110','0101','01','Leimebamba')
 INSERT INTO Ubigeo VALUE ('010111','0101','01','Levanto')
 INSERT INTO Ubigeo VALUE ('010112','0101','01','Magdalena')
 INSERT INTO Ubigeo VALUE ('010113','0101','01','Mariscal Castilla')
 INSERT INTO Ubigeo VALUE ('010114','0101','01','Molinopampa')
 INSERT INTO Ubigeo VALUE ('010115','0101','01','Montevideo')
 INSERT INTO Ubigeo VALUE ('010116','0101','01','Olleros')
 INSERT INTO Ubigeo VALUE ('010117','0101','01','Quinjalca')
 INSERT INTO Ubigeo VALUE ('010118','0101','01','San Francisco De Daguas')
 INSERT INTO Ubigeo VALUE ('010119','0101','01','San Isidro De Maino')
 INSERT INTO Ubigeo VALUE ('010120','0101','01','Soloco')
 INSERT INTO Ubigeo VALUE ('010121','0101','01','Sonche')
 INSERT INTO Ubigeo VALUE ('010201','0102','01','Bagua')
 INSERT INTO Ubigeo VALUE ('010202','0102','01','Aramango')
 INSERT INTO Ubigeo VALUE ('010203','0102','01','Copallin')
 INSERT INTO Ubigeo VALUE ('010204','0102','01','El Parco')
 INSERT INTO Ubigeo VALUE ('010205','0102','01','Imaza')
 INSERT INTO Ubigeo VALUE ('010206','0102','01','La Peca')
 INSERT INTO Ubigeo VALUE ('010301','0103','01','Jumbilla')
 INSERT INTO Ubigeo VALUE ('010302','0103','01','Chisquilla')
 INSERT INTO Ubigeo VALUE ('010303','0103','01','Churuja')
 INSERT INTO Ubigeo VALUE ('010304','0103','01','Corosha')
 INSERT INTO Ubigeo VALUE ('010305','0103','01','Cuispes')
 INSERT INTO Ubigeo VALUE ('010306','0103','01','Florida')
 INSERT INTO Ubigeo VALUE ('010307','0103','01','Jazan')
 INSERT INTO Ubigeo VALUE ('010308','0103','01','Recta')
 INSERT INTO Ubigeo VALUE ('010309','0103','01','San Carlos')
 INSERT INTO Ubigeo VALUE ('010310','0103','01','Shipasbamba')
 INSERT INTO Ubigeo VALUE ('010311','0103','01','Valera')
 INSERT INTO Ubigeo VALUE ('010312','0103','01','Yambrasbamba')
 INSERT INTO Ubigeo VALUE ('010401','0104','01','Nieva')
 INSERT INTO Ubigeo VALUE ('010402','0104','01','El Cenepa')
 INSERT INTO Ubigeo VALUE ('010403','0104','01','Rio Santiago')
 INSERT INTO Ubigeo VALUE ('010501','0105','01','Lamud')
 INSERT INTO Ubigeo VALUE ('010502','0105','01','Camporredondo')
 INSERT INTO Ubigeo VALUE ('010503','0105','01','Cocabamba')
 INSERT INTO Ubigeo VALUE ('010504','0105','01','Colcamar')
 INSERT INTO Ubigeo VALUE ('010505','0105','01','Conila')
 INSERT INTO Ubigeo VALUE ('010506','0105','01','Inguilpata')
 INSERT INTO Ubigeo VALUE ('010507','0105','01','Longuita')
 INSERT INTO Ubigeo VALUE ('010508','0105','01','Lonya Chico')
 INSERT INTO Ubigeo VALUE ('010509','0105','01','Luya')
 INSERT INTO Ubigeo VALUE ('010510','0105','01','Luya Viejo')
 INSERT INTO Ubigeo VALUE ('010511','0105','01','Maria')
 INSERT INTO Ubigeo VALUE ('010512','0105','01','Ocalli')
 INSERT INTO Ubigeo VALUE ('010513','0105','01','Ocumal')
 INSERT INTO Ubigeo VALUE ('010514','0105','01','Pisuquia')
 INSERT INTO Ubigeo VALUE ('010515','0105','01','Providencia')
 INSERT INTO Ubigeo VALUE ('010516','0105','01','San Cristobal')
 INSERT INTO Ubigeo VALUE ('010517','0105','01','San Francisco Del Yeso')
 INSERT INTO Ubigeo VALUE ('010518','0105','01','San Jeronimo')
 INSERT INTO Ubigeo VALUE ('010519','0105','01','San Juan De Lopecancha')
 INSERT INTO Ubigeo VALUE ('010520','0105','01','Santa Catalina')
 INSERT INTO Ubigeo VALUE ('010521','0105','01','Santo Tomas')
 INSERT INTO Ubigeo VALUE ('010522','0105','01','Tingo')
 INSERT INTO Ubigeo VALUE ('010523','0105','01','Trita')
 INSERT INTO Ubigeo VALUE ('010601','0106','01','San Nicolas')
 INSERT INTO Ubigeo VALUE ('010602','0106','01','Chirimoto')
 INSERT INTO Ubigeo VALUE ('010603','0106','01','Cochamal')
 INSERT INTO Ubigeo VALUE ('010604','0106','01','Huambo')
 INSERT INTO Ubigeo VALUE ('010605','0106','01','Limabamba')
 INSERT INTO Ubigeo VALUE ('010606','0106','01','Longar')
 INSERT INTO Ubigeo VALUE ('010607','0106','01','Mariscal Benavides')
 INSERT INTO Ubigeo VALUE ('010608','0106','01','Milpuc')
 INSERT INTO Ubigeo VALUE ('010609','0106','01','Omia')
 INSERT INTO Ubigeo VALUE ('010610','0106','01','Santa Rosa')
 INSERT INTO Ubigeo VALUE ('010611','0106','01','Totora')
 INSERT INTO Ubigeo VALUE ('010612','0106','01','Vista Alegre')
 INSERT INTO Ubigeo VALUE ('010701','0107','01','Bagua Grande')
 INSERT INTO Ubigeo VALUE ('010702','0107','01','Cajaruro')
 INSERT INTO Ubigeo VALUE ('010703','0107','01','Cumba')
 INSERT INTO Ubigeo VALUE ('010704','0107','01','El Milagro')
 INSERT INTO Ubigeo VALUE ('010705','0107','01','Jamalca')
 INSERT INTO Ubigeo VALUE ('010706','0107','01','Lonya Grande')
 INSERT INTO Ubigeo VALUE ('010707','0107','01','Yamon')
 INSERT INTO Ubigeo VALUE ('020101','0201','02','Huaraz')
 INSERT INTO Ubigeo VALUE ('020102','0201','02','Cochabamba')
 INSERT INTO Ubigeo VALUE ('020103','0201','02','Colcabamba')
 INSERT INTO Ubigeo VALUE ('020104','0201','02','Huanchay')
 INSERT INTO Ubigeo VALUE ('020105','0201','02','Independencia')
 INSERT INTO Ubigeo VALUE ('020106','0201','02','Jangas')
 INSERT INTO Ubigeo VALUE ('020107','0201','02','La Libertad')
 INSERT INTO Ubigeo VALUE ('020108','0201','02','Olleros')
 INSERT INTO Ubigeo VALUE ('020109','0201','02','Pampas Grande')
 INSERT INTO Ubigeo VALUE ('020110','0201','02','Pariacoto')
 INSERT INTO Ubigeo VALUE ('020111','0201','02','Pira')
 INSERT INTO Ubigeo VALUE ('020112','0201','02','Tarica')
 INSERT INTO Ubigeo VALUE ('020201','0202','02','Aija')
 INSERT INTO Ubigeo VALUE ('020202','0202','02','Coris')
 INSERT INTO Ubigeo VALUE ('020203','0202','02','Huacllan')
 INSERT INTO Ubigeo VALUE ('020204','0202','02','La Merced')
 INSERT INTO Ubigeo VALUE ('020205','0202','02','Succha')
 INSERT INTO Ubigeo VALUE ('020301','0203','02','Llamellin')
 INSERT INTO Ubigeo VALUE ('020302','0203','02','Aczo')
 INSERT INTO Ubigeo VALUE ('020303','0203','02','Chaccho')
 INSERT INTO Ubigeo VALUE ('020304','0203','02','Chingas')
 INSERT INTO Ubigeo VALUE ('020305','0203','02','Mirgas')
 INSERT INTO Ubigeo VALUE ('020306','0203','02','San Juan De Rontoy')
 INSERT INTO Ubigeo VALUE ('020401','0204','02','Chacas')
 INSERT INTO Ubigeo VALUE ('020402','0204','02','Acochaca')
 INSERT INTO Ubigeo VALUE ('020501','0205','02','Chiquian')
 INSERT INTO Ubigeo VALUE ('020502','0205','02','Abelardo Pardo Lezameta')
 INSERT INTO Ubigeo VALUE ('020503','0205','02','Antonio Raymondi')
 INSERT INTO Ubigeo VALUE ('020504','0205','02','Aquia')
 INSERT INTO Ubigeo VALUE ('020505','0205','02','Cajacay')
 INSERT INTO Ubigeo VALUE ('020506','0205','02','Canis')
 INSERT INTO Ubigeo VALUE ('020507','0205','02','Colquioc')
 INSERT INTO Ubigeo VALUE ('020508','0205','02','Huallanca')
 INSERT INTO Ubigeo VALUE ('020509','0205','02','Huasta')
 INSERT INTO Ubigeo VALUE ('020510','0205','02','Huayllacayan')
 INSERT INTO Ubigeo VALUE ('020511','0205','02','La Primavera')
 INSERT INTO Ubigeo VALUE ('020512','0205','02','Mangas')
 INSERT INTO Ubigeo VALUE ('020513','0205','02','Pacllon')
 INSERT INTO Ubigeo VALUE ('020514','0205','02','San Miguel De Corpanqui')
 INSERT INTO Ubigeo VALUE ('020515','0205','02','Ticllos')
 INSERT INTO Ubigeo VALUE ('020601','0206','02','Carhuaz')
 INSERT INTO Ubigeo VALUE ('020602','0206','02','Acopampa')
 INSERT INTO Ubigeo VALUE ('020603','0206','02','Amashca')
 INSERT INTO Ubigeo VALUE ('020604','0206','02','Anta')
 INSERT INTO Ubigeo VALUE ('020605','0206','02','Ataquero')
 INSERT INTO Ubigeo VALUE ('020606','0206','02','Marcara')
 INSERT INTO Ubigeo VALUE ('020607','0206','02','Pariahuanca')
 INSERT INTO Ubigeo VALUE ('020608','0206','02','San Miguel De Aco')
 INSERT INTO Ubigeo VALUE ('020609','0206','02','Shilla')
 INSERT INTO Ubigeo VALUE ('020610','0206','02','Tinco')
 INSERT INTO Ubigeo VALUE ('020611','0206','02','Yungar')
 INSERT INTO Ubigeo VALUE ('020701','0207','02','San Luis')
 INSERT INTO Ubigeo VALUE ('020702','0207','02','San Nicolas')
 INSERT INTO Ubigeo VALUE ('020703','0207','02','Yauya')
 INSERT INTO Ubigeo VALUE ('020801','0208','02','Casma')
 INSERT INTO Ubigeo VALUE ('020802','0208','02','Buena Vista Alta')
 INSERT INTO Ubigeo VALUE ('020803','0208','02','Comandante Noel')
 INSERT INTO Ubigeo VALUE ('020804','0208','02','Yautan')
 INSERT INTO Ubigeo VALUE ('020901','0209','02','Corongo')
 INSERT INTO Ubigeo VALUE ('020902','0209','02','Aco')
 INSERT INTO Ubigeo VALUE ('020903','0209','02','Bambas')
 INSERT INTO Ubigeo VALUE ('020904','0209','02','Cusca')
 INSERT INTO Ubigeo VALUE ('020905','0209','02','La Pampa')
 INSERT INTO Ubigeo VALUE ('020906','0209','02','Yanac')
 INSERT INTO Ubigeo VALUE ('020907','0209','02','Yupan')
 INSERT INTO Ubigeo VALUE ('021001','0210','02','Huari')
 INSERT INTO Ubigeo VALUE ('021002','0210','02','Anra')
 INSERT INTO Ubigeo VALUE ('021003','0210','02','Cajay')
 INSERT INTO Ubigeo VALUE ('021004','0210','02','Chavin De Huantar')
 INSERT INTO Ubigeo VALUE ('021005','0210','02','Huacachi')
 INSERT INTO Ubigeo VALUE ('021006','0210','02','Huacchis')
 INSERT INTO Ubigeo VALUE ('021007','0210','02','Huachis')
 INSERT INTO Ubigeo VALUE ('021008','0210','02','Huantar')
 INSERT INTO Ubigeo VALUE ('021009','0210','02','Masin')
 INSERT INTO Ubigeo VALUE ('021010','0210','02','Paucas')
 INSERT INTO Ubigeo VALUE ('021011','0210','02','Ponto')
 INSERT INTO Ubigeo VALUE ('021012','0210','02','Rahuapampa')
 INSERT INTO Ubigeo VALUE ('021013','0210','02','Rapayan')
 INSERT INTO Ubigeo VALUE ('021014','0210','02','San Marcos')
 INSERT INTO Ubigeo VALUE ('021015','0210','02','San Pedro De Chana')
 INSERT INTO Ubigeo VALUE ('021016','0210','02','Uco')
 INSERT INTO Ubigeo VALUE ('021101','0211','02','Huarmey')
 INSERT INTO Ubigeo VALUE ('021102','0211','02','Cochapeti')
 INSERT INTO Ubigeo VALUE ('021103','0211','02','Culebras')
 INSERT INTO Ubigeo VALUE ('021104','0211','02','Huayan')
 INSERT INTO Ubigeo VALUE ('021105','0211','02','Malvas')
 INSERT INTO Ubigeo VALUE ('021201','0212','02','Caraz')
 INSERT INTO Ubigeo VALUE ('021202','0212','02','Huallanca')
 INSERT INTO Ubigeo VALUE ('021203','0212','02','Huata')
 INSERT INTO Ubigeo VALUE ('021204','0212','02','Huaylas')
 INSERT INTO Ubigeo VALUE ('021205','0212','02','Mato')
 INSERT INTO Ubigeo VALUE ('021206','0212','02','Pamparomas')
 INSERT INTO Ubigeo VALUE ('021207','0212','02','Pueblo Libre')
 INSERT INTO Ubigeo VALUE ('021208','0212','02','Santa Cruz')
 INSERT INTO Ubigeo VALUE ('021209','0212','02','Santo Toribio')
 INSERT INTO Ubigeo VALUE ('021210','0212','02','Yuracmarca')
 INSERT INTO Ubigeo VALUE ('021301','0213','02','Piscobamba')
 INSERT INTO Ubigeo VALUE ('021302','0213','02','Casca')
 INSERT INTO Ubigeo VALUE ('021303','0213','02','Eleazar Guzman Barron')
 INSERT INTO Ubigeo VALUE ('021304','0213','02','Fidel Olivas Escudero')
 INSERT INTO Ubigeo VALUE ('021305','0213','02','Llama')
 INSERT INTO Ubigeo VALUE ('021306','0213','02','Llumpa')
 INSERT INTO Ubigeo VALUE ('021307','0213','02','Lucma')
 INSERT INTO Ubigeo VALUE ('021308','0213','02','Musga')
 INSERT INTO Ubigeo VALUE ('021401','0214','02','Ocros')
 INSERT INTO Ubigeo VALUE ('021402','0214','02','Acas')
 INSERT INTO Ubigeo VALUE ('021403','0214','02','Cajamarquilla')
 INSERT INTO Ubigeo VALUE ('021404','0214','02','Carhuapampa')
 INSERT INTO Ubigeo VALUE ('021405','0214','02','Cochas')
 INSERT INTO Ubigeo VALUE ('021406','0214','02','Congas')
 INSERT INTO Ubigeo VALUE ('021407','0214','02','Llipa')
 INSERT INTO Ubigeo VALUE ('021408','0214','02','San Cristobal De Rajan')
 INSERT INTO Ubigeo VALUE ('021409','0214','02','San Pedro')
 INSERT INTO Ubigeo VALUE ('021410','0214','02','Santiago De Chilcas')
 INSERT INTO Ubigeo VALUE ('021501','0215','02','Cabana')
 INSERT INTO Ubigeo VALUE ('021502','0215','02','Bolognesi')
 INSERT INTO Ubigeo VALUE ('021503','0215','02','Conchucos')
 INSERT INTO Ubigeo VALUE ('021504','0215','02','Huacaschuque')
 INSERT INTO Ubigeo VALUE ('021505','0215','02','Huandoval')
 INSERT INTO Ubigeo VALUE ('021506','0215','02','Lacabamba')
 INSERT INTO Ubigeo VALUE ('021507','0215','02','Llapo')
 INSERT INTO Ubigeo VALUE ('021508','0215','02','Pallasca')
 INSERT INTO Ubigeo VALUE ('021509','0215','02','Pampas')
 INSERT INTO Ubigeo VALUE ('021510','0215','02','Santa Rosa')
 INSERT INTO Ubigeo VALUE ('021511','0215','02','Tauca')
 INSERT INTO Ubigeo VALUE ('021601','0216','02','Pomabamba')
 INSERT INTO Ubigeo VALUE ('021602','0216','02','Huayllan')
 INSERT INTO Ubigeo VALUE ('021603','0216','02','Parobamba')
 INSERT INTO Ubigeo VALUE ('021604','0216','02','Quinuabamba')
 INSERT INTO Ubigeo VALUE ('021701','0217','02','Recuay')
 INSERT INTO Ubigeo VALUE ('021702','0217','02','Catac')
 INSERT INTO Ubigeo VALUE ('021703','0217','02','Cotaparaco')
 INSERT INTO Ubigeo VALUE ('021704','0217','02','Huayllapampa')
 INSERT INTO Ubigeo VALUE ('021705','0217','02','Llacllin')
 INSERT INTO Ubigeo VALUE ('021706','0217','02','Marca')
 INSERT INTO Ubigeo VALUE ('021707','0217','02','Pampas Chico')
 INSERT INTO Ubigeo VALUE ('021708','0217','02','Pararin')
 INSERT INTO Ubigeo VALUE ('021709','0217','02','Tapacocha')
 INSERT INTO Ubigeo VALUE ('021710','0217','02','Ticapampa')
 INSERT INTO Ubigeo VALUE ('021801','0218','02','Chimbote')
 INSERT INTO Ubigeo VALUE ('021802','0218','02','Caceres Del Peru')
 INSERT INTO Ubigeo VALUE ('021803','0218','02','Coishco')
 INSERT INTO Ubigeo VALUE ('021804','0218','02','Macate')
 INSERT INTO Ubigeo VALUE ('021805','0218','02','Moro')
 INSERT INTO Ubigeo VALUE ('021806','0218','02','Nepeña')
 INSERT INTO Ubigeo VALUE ('021807','0218','02','Samanco')
 INSERT INTO Ubigeo VALUE ('021808','0218','02','Santa')
 INSERT INTO Ubigeo VALUE ('021809','0218','02','Nuevo Chimbote')
 INSERT INTO Ubigeo VALUE ('021901','0219','02','Sihuas')
 INSERT INTO Ubigeo VALUE ('021902','0219','02','Acobamba')
 INSERT INTO Ubigeo VALUE ('021903','0219','02','Alfonso Ugarte')
 INSERT INTO Ubigeo VALUE ('021904','0219','02','Cashapampa')
 INSERT INTO Ubigeo VALUE ('021905','0219','02','Chingalpo')
 INSERT INTO Ubigeo VALUE ('021906','0219','02','Huayllabamba')
 INSERT INTO Ubigeo VALUE ('021907','0219','02','Quiches')
 INSERT INTO Ubigeo VALUE ('021908','0219','02','Ragash')
 INSERT INTO Ubigeo VALUE ('021909','0219','02','San Juan')
 INSERT INTO Ubigeo VALUE ('021910','0219','02','Sicsibamba')
 INSERT INTO Ubigeo VALUE ('022001','0220','02','Yungay')
 INSERT INTO Ubigeo VALUE ('022002','0220','02','Cascapara')
 INSERT INTO Ubigeo VALUE ('022003','0220','02','Mancos')
 INSERT INTO Ubigeo VALUE ('022004','0220','02','Matacoto')
 INSERT INTO Ubigeo VALUE ('022005','0220','02','Quillo')
 INSERT INTO Ubigeo VALUE ('022006','0220','02','Ranrahirca')
 INSERT INTO Ubigeo VALUE ('022007','0220','02','Shupluy')
 INSERT INTO Ubigeo VALUE ('022008','0220','02','Yanama')
 INSERT INTO Ubigeo VALUE ('030101','0301','03','Abancay')
 INSERT INTO Ubigeo VALUE ('030102','0301','03','Chacoche')
 INSERT INTO Ubigeo VALUE ('030103','0301','03','Circa')
 INSERT INTO Ubigeo VALUE ('030104','0301','03','Curahuasi')
 INSERT INTO Ubigeo VALUE ('030105','0301','03','Huanipaca')
 INSERT INTO Ubigeo VALUE ('030106','0301','03','Lambrama')
 INSERT INTO Ubigeo VALUE ('030107','0301','03','Pichirhua')
 INSERT INTO Ubigeo VALUE ('030108','0301','03','San Pedro De Cachora')
 INSERT INTO Ubigeo VALUE ('030109','0301','03','Tamburco')
 INSERT INTO Ubigeo VALUE ('030201','0302','03','Andahuaylas')
 INSERT INTO Ubigeo VALUE ('030202','0302','03','Andarapa')
 INSERT INTO Ubigeo VALUE ('030203','0302','03','Chiara')
 INSERT INTO Ubigeo VALUE ('030204','0302','03','Huancarama')
 INSERT INTO Ubigeo VALUE ('030205','0302','03','Huancaray')
 INSERT INTO Ubigeo VALUE ('030206','0302','03','Huayana')
 INSERT INTO Ubigeo VALUE ('030207','0302','03','Kishuara')
 INSERT INTO Ubigeo VALUE ('030208','0302','03','Pacobamba')
 INSERT INTO Ubigeo VALUE ('030209','0302','03','Pacucha')
 INSERT INTO Ubigeo VALUE ('030210','0302','03','Pampachiri')
 INSERT INTO Ubigeo VALUE ('030211','0302','03','Pomacocha')
 INSERT INTO Ubigeo VALUE ('030212','0302','03','San Antonio De Cachi')
 INSERT INTO Ubigeo VALUE ('030213','0302','03','San Jeronimo')
 INSERT INTO Ubigeo VALUE ('030214','0302','03','San Miguel De Chaccrampa')
 INSERT INTO Ubigeo VALUE ('030215','0302','03','Santa Maria De Chicmo')
 INSERT INTO Ubigeo VALUE ('030216','0302','03','Talavera')
 INSERT INTO Ubigeo VALUE ('030217','0302','03','Tumay Huaraca')
 INSERT INTO Ubigeo VALUE ('030218','0302','03','Turpo')
 INSERT INTO Ubigeo VALUE ('030219','0302','03','Kaquiabamba')
 INSERT INTO Ubigeo VALUE ('030220','0302','03','Jose Maria Arguedas')
 INSERT INTO Ubigeo VALUE ('030301','0303','03','Antabamba')
 INSERT INTO Ubigeo VALUE ('030302','0303','03','El Oro')
 INSERT INTO Ubigeo VALUE ('030303','0303','03','Huaquirca')
 INSERT INTO Ubigeo VALUE ('030304','0303','03','Juan Espinoza Medrano')
 INSERT INTO Ubigeo VALUE ('030305','0303','03','Oropesa')
 INSERT INTO Ubigeo VALUE ('030306','0303','03','Pachaconas')
 INSERT INTO Ubigeo VALUE ('030307','0303','03','Sabaino')
 INSERT INTO Ubigeo VALUE ('030401','0304','03','Chalhuanca')
 INSERT INTO Ubigeo VALUE ('030402','0304','03','Capaya')
 INSERT INTO Ubigeo VALUE ('030403','0304','03','Caraybamba')
 INSERT INTO Ubigeo VALUE ('030404','0304','03','Chapimarca')
 INSERT INTO Ubigeo VALUE ('030405','0304','03','Colcabamba')
 INSERT INTO Ubigeo VALUE ('030406','0304','03','Cotaruse')
 INSERT INTO Ubigeo VALUE ('030407','0304','03','Ihuayllo')
 INSERT INTO Ubigeo VALUE ('030408','0304','03','Justo Apu Sahuaraura')
 INSERT INTO Ubigeo VALUE ('030409','0304','03','Lucre')
 INSERT INTO Ubigeo VALUE ('030410','0304','03','Pocohuanca')
 INSERT INTO Ubigeo VALUE ('030411','0304','03','San Juan De Chacña')
 INSERT INTO Ubigeo VALUE ('030412','0304','03','Sañayca')
 INSERT INTO Ubigeo VALUE ('030413','0304','03','Soraya')
 INSERT INTO Ubigeo VALUE ('030414','0304','03','Tapairihua')
 INSERT INTO Ubigeo VALUE ('030415','0304','03','Tintay')
 INSERT INTO Ubigeo VALUE ('030416','0304','03','Toraya')
 INSERT INTO Ubigeo VALUE ('030417','0304','03','Yanaca')
 INSERT INTO Ubigeo VALUE ('030501','0305','03','Tambobamba')
 INSERT INTO Ubigeo VALUE ('030502','0305','03','Cotabambas')
 INSERT INTO Ubigeo VALUE ('030503','0305','03','Coyllurqui')
 INSERT INTO Ubigeo VALUE ('030504','0305','03','Haquira')
 INSERT INTO Ubigeo VALUE ('030505','0305','03','Mara')
 INSERT INTO Ubigeo VALUE ('030506','0305','03','Challhuahuacho')
 INSERT INTO Ubigeo VALUE ('030601','0306','03','Chincheros')
 INSERT INTO Ubigeo VALUE ('030602','0306','03','Anco_huallo')
 INSERT INTO Ubigeo VALUE ('030603','0306','03','Cocharcas')
 INSERT INTO Ubigeo VALUE ('030604','0306','03','Huaccana')
 INSERT INTO Ubigeo VALUE ('030605','0306','03','Ocobamba')
 INSERT INTO Ubigeo VALUE ('030606','0306','03','Ongoy')
 INSERT INTO Ubigeo VALUE ('030607','0306','03','Uranmarca')
 INSERT INTO Ubigeo VALUE ('030608','0306','03','Ranracancha')
 INSERT INTO Ubigeo VALUE ('030609','0306','03','Rocchacc')
 INSERT INTO Ubigeo VALUE ('030610','0306','03','El Porvenir')
 INSERT INTO Ubigeo VALUE ('030611','0306','03','Los Chankas')
 INSERT INTO Ubigeo VALUE ('030701','0307','03','Chuquibambilla')
 INSERT INTO Ubigeo VALUE ('030702','0307','03','Curpahuasi')
 INSERT INTO Ubigeo VALUE ('030703','0307','03','Gamarra')
 INSERT INTO Ubigeo VALUE ('030704','0307','03','Huayllati')
 INSERT INTO Ubigeo VALUE ('030705','0307','03','Mamara')
 INSERT INTO Ubigeo VALUE ('030706','0307','03','Micaela Bastidas')
 INSERT INTO Ubigeo VALUE ('030707','0307','03','Pataypampa')
 INSERT INTO Ubigeo VALUE ('030708','0307','03','Progreso')
 INSERT INTO Ubigeo VALUE ('030709','0307','03','San Antonio')
 INSERT INTO Ubigeo VALUE ('030710','0307','03','Santa Rosa')
 INSERT INTO Ubigeo VALUE ('030711','0307','03','Turpay')
 INSERT INTO Ubigeo VALUE ('030712','0307','03','Vilcabamba')
 INSERT INTO Ubigeo VALUE ('030713','0307','03','Virundo')
 INSERT INTO Ubigeo VALUE ('030714','0307','03','Curasco')
 INSERT INTO Ubigeo VALUE ('040101','0401','04','Arequipa')
 INSERT INTO Ubigeo VALUE ('040102','0401','04','Alto Selva Alegre')
 INSERT INTO Ubigeo VALUE ('040103','0401','04','Cayma')
 INSERT INTO Ubigeo VALUE ('040104','0401','04','Cerro Colorado')
 INSERT INTO Ubigeo VALUE ('040105','0401','04','Characato')
 INSERT INTO Ubigeo VALUE ('040106','0401','04','Chiguata')
 INSERT INTO Ubigeo VALUE ('040107','0401','04','Jacobo Hunter')
 INSERT INTO Ubigeo VALUE ('040108','0401','04','La Joya')
 INSERT INTO Ubigeo VALUE ('040109','0401','04','Mariano Melgar')
 INSERT INTO Ubigeo VALUE ('040110','0401','04','Miraflores')
 INSERT INTO Ubigeo VALUE ('040111','0401','04','Mollebaya')
 INSERT INTO Ubigeo VALUE ('040112','0401','04','Paucarpata')
 INSERT INTO Ubigeo VALUE ('040113','0401','04','Pocsi')
 INSERT INTO Ubigeo VALUE ('040114','0401','04','Polobaya')
 INSERT INTO Ubigeo VALUE ('040115','0401','04','Quequeña')
 INSERT INTO Ubigeo VALUE ('040116','0401','04','Sabandia')
 INSERT INTO Ubigeo VALUE ('040117','0401','04','Sachaca')
 INSERT INTO Ubigeo VALUE ('040118','0401','04','San Juan De Siguas')
 INSERT INTO Ubigeo VALUE ('040119','0401','04','San Juan De Tarucani')
 INSERT INTO Ubigeo VALUE ('040120','0401','04','Santa Isabel De Siguas')
 INSERT INTO Ubigeo VALUE ('040121','0401','04','Santa Rita De Siguas')
 INSERT INTO Ubigeo VALUE ('040122','0401','04','Socabaya')
 INSERT INTO Ubigeo VALUE ('040123','0401','04','Tiabaya')
 INSERT INTO Ubigeo VALUE ('040124','0401','04','Uchumayo')
 INSERT INTO Ubigeo VALUE ('040125','0401','04','Vitor')
 INSERT INTO Ubigeo VALUE ('040126','0401','04','Yanahuara')
 INSERT INTO Ubigeo VALUE ('040127','0401','04','Yarabamba')
 INSERT INTO Ubigeo VALUE ('040128','0401','04','Yura')
 INSERT INTO Ubigeo VALUE ('040129','0401','04','Jose Luis Bustamante Y Rivero')
 INSERT INTO Ubigeo VALUE ('040201','0402','04','Camana')
 INSERT INTO Ubigeo VALUE ('040202','0402','04','Jose Maria Quimper')
 INSERT INTO Ubigeo VALUE ('040203','0402','04','Mariano Nicolas Valcarcel')
 INSERT INTO Ubigeo VALUE ('040204','0402','04','Mariscal Caceres')
 INSERT INTO Ubigeo VALUE ('040205','0402','04','Nicolas De Pierola')
 INSERT INTO Ubigeo VALUE ('040206','0402','04','Ocoña')
 INSERT INTO Ubigeo VALUE ('040207','0402','04','Quilca')
 INSERT INTO Ubigeo VALUE ('040208','0402','04','Samuel Pastor')
 INSERT INTO Ubigeo VALUE ('040301','0403','04','Caraveli')
 INSERT INTO Ubigeo VALUE ('040302','0403','04','Acari')
 INSERT INTO Ubigeo VALUE ('040303','0403','04','Atico')
 INSERT INTO Ubigeo VALUE ('040304','0403','04','Atiquipa')
 INSERT INTO Ubigeo VALUE ('040305','0403','04','Bella Union')
 INSERT INTO Ubigeo VALUE ('040306','0403','04','Cahuacho')
 INSERT INTO Ubigeo VALUE ('040307','0403','04','Chala')
 INSERT INTO Ubigeo VALUE ('040308','0403','04','Chaparra')
 INSERT INTO Ubigeo VALUE ('040309','0403','04','Huanuhuanu')
 INSERT INTO Ubigeo VALUE ('040310','0403','04','Jaqui')
 INSERT INTO Ubigeo VALUE ('040311','0403','04','Lomas')
 INSERT INTO Ubigeo VALUE ('040312','0403','04','Quicacha')
 INSERT INTO Ubigeo VALUE ('040313','0403','04','Yauca')
 INSERT INTO Ubigeo VALUE ('040401','0404','04','Aplao')
 INSERT INTO Ubigeo VALUE ('040402','0404','04','Andagua')
 INSERT INTO Ubigeo VALUE ('040403','0404','04','Ayo')
 INSERT INTO Ubigeo VALUE ('040404','0404','04','Chachas')
 INSERT INTO Ubigeo VALUE ('040405','0404','04','Chilcaymarca')
 INSERT INTO Ubigeo VALUE ('040406','0404','04','Choco')
 INSERT INTO Ubigeo VALUE ('040407','0404','04','Huancarqui')
 INSERT INTO Ubigeo VALUE ('040408','0404','04','Machaguay')
 INSERT INTO Ubigeo VALUE ('040409','0404','04','Orcopampa')
 INSERT INTO Ubigeo VALUE ('040410','0404','04','Pampacolca')
 INSERT INTO Ubigeo VALUE ('040411','0404','04','Tipan')
 INSERT INTO Ubigeo VALUE ('040412','0404','04','Uñon')
 INSERT INTO Ubigeo VALUE ('040413','0404','04','Uraca')
 INSERT INTO Ubigeo VALUE ('040414','0404','04','Viraco')
 INSERT INTO Ubigeo VALUE ('040501','0405','04','Chivay')
 INSERT INTO Ubigeo VALUE ('040502','0405','04','Achoma')
 INSERT INTO Ubigeo VALUE ('040503','0405','04','Cabanaconde')
 INSERT INTO Ubigeo VALUE ('040504','0405','04','Callalli')
 INSERT INTO Ubigeo VALUE ('040505','0405','04','Caylloma')
 INSERT INTO Ubigeo VALUE ('040506','0405','04','Coporaque')
 INSERT INTO Ubigeo VALUE ('040507','0405','04','Huambo')
 INSERT INTO Ubigeo VALUE ('040508','0405','04','Huanca')
 INSERT INTO Ubigeo VALUE ('040509','0405','04','Ichupampa')
 INSERT INTO Ubigeo VALUE ('040510','0405','04','Lari')
 INSERT INTO Ubigeo VALUE ('040511','0405','04','Lluta')
 INSERT INTO Ubigeo VALUE ('040512','0405','04','Maca')
 INSERT INTO Ubigeo VALUE ('040513','0405','04','Madrigal')
 INSERT INTO Ubigeo VALUE ('040514','0405','04','San Antonio De Chuca')
 INSERT INTO Ubigeo VALUE ('040515','0405','04','Sibayo')
 INSERT INTO Ubigeo VALUE ('040516','0405','04','Tapay')
 INSERT INTO Ubigeo VALUE ('040517','0405','04','Tisco')
 INSERT INTO Ubigeo VALUE ('040518','0405','04','Tuti')
 INSERT INTO Ubigeo VALUE ('040519','0405','04','Yanque')
 INSERT INTO Ubigeo VALUE ('040520','0405','04','Majes')
 INSERT INTO Ubigeo VALUE ('040601','0406','04','Chuquibamba')
 INSERT INTO Ubigeo VALUE ('040602','0406','04','Andaray')
 INSERT INTO Ubigeo VALUE ('040603','0406','04','Cayarani')
 INSERT INTO Ubigeo VALUE ('040604','0406','04','Chichas')
 INSERT INTO Ubigeo VALUE ('040605','0406','04','Iray')
 INSERT INTO Ubigeo VALUE ('040606','0406','04','Rio Grande')
 INSERT INTO Ubigeo VALUE ('040607','0406','04','Salamanca')
 INSERT INTO Ubigeo VALUE ('040608','0406','04','Yanaquihua')
 INSERT INTO Ubigeo VALUE ('040701','0407','04','Mollendo')
 INSERT INTO Ubigeo VALUE ('040702','0407','04','Cocachacra')
 INSERT INTO Ubigeo VALUE ('040703','0407','04','Dean Valdivia')
 INSERT INTO Ubigeo VALUE ('040704','0407','04','Islay')
 INSERT INTO Ubigeo VALUE ('040705','0407','04','Mejia')
 INSERT INTO Ubigeo VALUE ('040706','0407','04','Punta De Bombon')
 INSERT INTO Ubigeo VALUE ('040801','0408','04','Cotahuasi')
 INSERT INTO Ubigeo VALUE ('040802','0408','04','Alca')
 INSERT INTO Ubigeo VALUE ('040803','0408','04','Charcana')
 INSERT INTO Ubigeo VALUE ('040804','0408','04','Huaynacotas')
 INSERT INTO Ubigeo VALUE ('040805','0408','04','Pampamarca')
 INSERT INTO Ubigeo VALUE ('040806','0408','04','Puyca')
 INSERT INTO Ubigeo VALUE ('040807','0408','04','Quechualla')
 INSERT INTO Ubigeo VALUE ('040808','0408','04','Sayla')
 INSERT INTO Ubigeo VALUE ('040809','0408','04','Tauria')
 INSERT INTO Ubigeo VALUE ('040810','0408','04','Tomepampa')
 INSERT INTO Ubigeo VALUE ('040811','0408','04','Toro')
 INSERT INTO Ubigeo VALUE ('050101','0501','05','Ayacucho')
 INSERT INTO Ubigeo VALUE ('050102','0501','05','Acocro')
 INSERT INTO Ubigeo VALUE ('050103','0501','05','Acos Vinchos')
 INSERT INTO Ubigeo VALUE ('050104','0501','05','Carmen Alto')
 INSERT INTO Ubigeo VALUE ('050105','0501','05','Chiara')
 INSERT INTO Ubigeo VALUE ('050106','0501','05','Ocros')
 INSERT INTO Ubigeo VALUE ('050107','0501','05','Pacaycasa')
 INSERT INTO Ubigeo VALUE ('050108','0501','05','Quinua')
 INSERT INTO Ubigeo VALUE ('050109','0501','05','San Jose De Ticllas')
 INSERT INTO Ubigeo VALUE ('050110','0501','05','San Juan Bautista')
 INSERT INTO Ubigeo VALUE ('050111','0501','05','Santiago De Pischa')
 INSERT INTO Ubigeo VALUE ('050112','0501','05','Socos')
 INSERT INTO Ubigeo VALUE ('050113','0501','05','Tambillo')
 INSERT INTO Ubigeo VALUE ('050114','0501','05','Vinchos')
 INSERT INTO Ubigeo VALUE ('050115','0501','05','Jesus Nazareno')
 INSERT INTO Ubigeo VALUE ('050116','0501','05','Andres Avelino Caceres Dorregaray')
 INSERT INTO Ubigeo VALUE ('050201','0502','05','Cangallo')
 INSERT INTO Ubigeo VALUE ('050202','0502','05','Chuschi')
 INSERT INTO Ubigeo VALUE ('050203','0502','05','Los Morochucos')
 INSERT INTO Ubigeo VALUE ('050204','0502','05','Maria Parado De Bellido')
 INSERT INTO Ubigeo VALUE ('050205','0502','05','Paras')
 INSERT INTO Ubigeo VALUE ('050206','0502','05','Totos')
 INSERT INTO Ubigeo VALUE ('050301','0503','05','Sancos')
 INSERT INTO Ubigeo VALUE ('050302','0503','05','Carapo')
 INSERT INTO Ubigeo VALUE ('050303','0503','05','Sacsamarca')
 INSERT INTO Ubigeo VALUE ('050304','0503','05','Santiago De Lucanamarca')
 INSERT INTO Ubigeo VALUE ('050401','0504','05','Huanta')
 INSERT INTO Ubigeo VALUE ('050402','0504','05','Ayahuanco')
 INSERT INTO Ubigeo VALUE ('050403','0504','05','Huamanguilla')
 INSERT INTO Ubigeo VALUE ('050404','0504','05','Iguain')
 INSERT INTO Ubigeo VALUE ('050405','0504','05','Luricocha')
 INSERT INTO Ubigeo VALUE ('050406','0504','05','Santillana')
 INSERT INTO Ubigeo VALUE ('050407','0504','05','Sivia')
 INSERT INTO Ubigeo VALUE ('050408','0504','05','Llochegua')
 INSERT INTO Ubigeo VALUE ('050409','0504','05','Canayre')
 INSERT INTO Ubigeo VALUE ('050410','0504','05','Uchuraccay')
 INSERT INTO Ubigeo VALUE ('050411','0504','05','Pucacolpa')
 INSERT INTO Ubigeo VALUE ('050412','0504','05','Chaca')
 INSERT INTO Ubigeo VALUE ('050501','0505','05','San Miguel')
 INSERT INTO Ubigeo VALUE ('050502','0505','05','Anco')
 INSERT INTO Ubigeo VALUE ('050503','0505','05','Ayna')
 INSERT INTO Ubigeo VALUE ('050504','0505','05','Chilcas')
 INSERT INTO Ubigeo VALUE ('050505','0505','05','Chungui')
 INSERT INTO Ubigeo VALUE ('050506','0505','05','Luis Carranza')
 INSERT INTO Ubigeo VALUE ('050507','0505','05','Santa Rosa')
 INSERT INTO Ubigeo VALUE ('050508','0505','05','Tambo')
 INSERT INTO Ubigeo VALUE ('050509','0505','05','Samugari')
 INSERT INTO Ubigeo VALUE ('050510','0505','05','Anchihuay')
 INSERT INTO Ubigeo VALUE ('050511','0505','05','Oronccoy')
 INSERT INTO Ubigeo VALUE ('050601','0506','05','Puquio')
 INSERT INTO Ubigeo VALUE ('050602','0506','05','Aucara')
 INSERT INTO Ubigeo VALUE ('050603','0506','05','Cabana')
 INSERT INTO Ubigeo VALUE ('050604','0506','05','Carmen Salcedo')
 INSERT INTO Ubigeo VALUE ('050605','0506','05','Chaviña')
 INSERT INTO Ubigeo VALUE ('050606','0506','05','Chipao')
 INSERT INTO Ubigeo VALUE ('050607','0506','05','HuaC-Huas')
 INSERT INTO Ubigeo VALUE ('050608','0506','05','Laramate')
 INSERT INTO Ubigeo VALUE ('050609','0506','05','Leoncio Prado')
 INSERT INTO Ubigeo VALUE ('050610','0506','05','Llauta')
 INSERT INTO Ubigeo VALUE ('050611','0506','05','Lucanas')
 INSERT INTO Ubigeo VALUE ('050612','0506','05','Ocaña')
 INSERT INTO Ubigeo VALUE ('050613','0506','05','Otoca')
 INSERT INTO Ubigeo VALUE ('050614','0506','05','Saisa')
 INSERT INTO Ubigeo VALUE ('050615','0506','05','San Cristobal')
 INSERT INTO Ubigeo VALUE ('050616','0506','05','San Juan')
 INSERT INTO Ubigeo VALUE ('050617','0506','05','San Pedro')
 INSERT INTO Ubigeo VALUE ('050618','0506','05','San Pedro De Palco')
 INSERT INTO Ubigeo VALUE ('050619','0506','05','Sancos')
 INSERT INTO Ubigeo VALUE ('050620','0506','05','Santa Ana De Huaycahuacho')
 INSERT INTO Ubigeo VALUE ('050621','0506','05','Santa Lucia')
 INSERT INTO Ubigeo VALUE ('050701','0507','05','Coracora')
 INSERT INTO Ubigeo VALUE ('050702','0507','05','Chumpi')
 INSERT INTO Ubigeo VALUE ('050703','0507','05','Coronel Castañeda')
 INSERT INTO Ubigeo VALUE ('050704','0507','05','Pacapausa')
 INSERT INTO Ubigeo VALUE ('050705','0507','05','Pullo')
 INSERT INTO Ubigeo VALUE ('050706','0507','05','Puyusca')
 INSERT INTO Ubigeo VALUE ('050707','0507','05','San Francisco De Ravacayco')
 INSERT INTO Ubigeo VALUE ('050708','0507','05','Upahuacho')
 INSERT INTO Ubigeo VALUE ('050801','0508','05','Pausa')
 INSERT INTO Ubigeo VALUE ('050802','0508','05','Colta')
 INSERT INTO Ubigeo VALUE ('050803','0508','05','Corculla')
 INSERT INTO Ubigeo VALUE ('050804','0508','05','Lampa')
 INSERT INTO Ubigeo VALUE ('050805','0508','05','Marcabamba')
 INSERT INTO Ubigeo VALUE ('050806','0508','05','Oyolo')
 INSERT INTO Ubigeo VALUE ('050807','0508','05','Pararca')
 INSERT INTO Ubigeo VALUE ('050808','0508','05','San Javier De Alpabamba')
 INSERT INTO Ubigeo VALUE ('050809','0508','05','San Jose De Ushua')
 INSERT INTO Ubigeo VALUE ('050810','0508','05','Sara Sara')
 INSERT INTO Ubigeo VALUE ('050901','0509','05','Querobamba')
 INSERT INTO Ubigeo VALUE ('050902','0509','05','Belen')
 INSERT INTO Ubigeo VALUE ('050903','0509','05','Chalcos')
 INSERT INTO Ubigeo VALUE ('050904','0509','05','Chilcayoc')
 INSERT INTO Ubigeo VALUE ('050905','0509','05','Huacaña')
 INSERT INTO Ubigeo VALUE ('050906','0509','05','Morcolla')
 INSERT INTO Ubigeo VALUE ('050907','0509','05','Paico')
 INSERT INTO Ubigeo VALUE ('050908','0509','05','San Pedro De Larcay')
 INSERT INTO Ubigeo VALUE ('050909','0509','05','San Salvador De Quije')
 INSERT INTO Ubigeo VALUE ('050910','0509','05','Santiago De Paucaray')
 INSERT INTO Ubigeo VALUE ('050911','0509','05','Soras')
 INSERT INTO Ubigeo VALUE ('051001','0510','05','Huancapi')
 INSERT INTO Ubigeo VALUE ('051002','0510','05','Alcamenca')
 INSERT INTO Ubigeo VALUE ('051003','0510','05','Apongo')
 INSERT INTO Ubigeo VALUE ('051004','0510','05','Asquipata')
 INSERT INTO Ubigeo VALUE ('051005','0510','05','Canaria')
 INSERT INTO Ubigeo VALUE ('051006','0510','05','Cayara')
 INSERT INTO Ubigeo VALUE ('051007','0510','05','Colca')
 INSERT INTO Ubigeo VALUE ('051008','0510','05','Huamanquiquia')
 INSERT INTO Ubigeo VALUE ('051009','0510','05','Huancaraylla')
 INSERT INTO Ubigeo VALUE ('051010','0510','05','Hualla')
 INSERT INTO Ubigeo VALUE ('051011','0510','05','Sarhua')
 INSERT INTO Ubigeo VALUE ('051012','0510','05','Vilcanchos')
 INSERT INTO Ubigeo VALUE ('051101','0511','05','Vilcas Huaman')
 INSERT INTO Ubigeo VALUE ('051102','0511','05','Accomarca')
 INSERT INTO Ubigeo VALUE ('051103','0511','05','Carhuanca')
 INSERT INTO Ubigeo VALUE ('051104','0511','05','Concepcion')
 INSERT INTO Ubigeo VALUE ('051105','0511','05','Huambalpa')
 INSERT INTO Ubigeo VALUE ('051106','0511','05','Independencia')
 INSERT INTO Ubigeo VALUE ('051107','0511','05','Saurama')
 INSERT INTO Ubigeo VALUE ('051108','0511','05','Vischongo')
 INSERT INTO Ubigeo VALUE ('060101','0601','06','Cajamarca')
 INSERT INTO Ubigeo VALUE ('060102','0601','06','Asuncion')
 INSERT INTO Ubigeo VALUE ('060103','0601','06','Chetilla')
 INSERT INTO Ubigeo VALUE ('060104','0601','06','Cospan')
 INSERT INTO Ubigeo VALUE ('060105','0601','06','Encañada')
 INSERT INTO Ubigeo VALUE ('060106','0601','06','Jesus')
 INSERT INTO Ubigeo VALUE ('060107','0601','06','Llacanora')
 INSERT INTO Ubigeo VALUE ('060108','0601','06','Los Baños Del Inca')
 INSERT INTO Ubigeo VALUE ('060109','0601','06','Magdalena')
 INSERT INTO Ubigeo VALUE ('060110','0601','06','Matara')
 INSERT INTO Ubigeo VALUE ('060111','0601','06','Namora')
 INSERT INTO Ubigeo VALUE ('060112','0601','06','San Juan')
 INSERT INTO Ubigeo VALUE ('060201','0602','06','Cajabamba')
 INSERT INTO Ubigeo VALUE ('060202','0602','06','Cachachi')
 INSERT INTO Ubigeo VALUE ('060203','0602','06','Condebamba')
 INSERT INTO Ubigeo VALUE ('060204','0602','06','Sitacocha')
 INSERT INTO Ubigeo VALUE ('060301','0603','06','Celendin')
 INSERT INTO Ubigeo VALUE ('060302','0603','06','Chumuch')
 INSERT INTO Ubigeo VALUE ('060303','0603','06','Cortegana')
 INSERT INTO Ubigeo VALUE ('060304','0603','06','Huasmin')
 INSERT INTO Ubigeo VALUE ('060305','0603','06','Jorge Chavez')
 INSERT INTO Ubigeo VALUE ('060306','0603','06','Jose Galvez')
 INSERT INTO Ubigeo VALUE ('060307','0603','06','Miguel Iglesias')
 INSERT INTO Ubigeo VALUE ('060308','0603','06','Oxamarca')
 INSERT INTO Ubigeo VALUE ('060309','0603','06','Sorochuco')
 INSERT INTO Ubigeo VALUE ('060310','0603','06','Sucre')
 INSERT INTO Ubigeo VALUE ('060311','0603','06','Utco')
 INSERT INTO Ubigeo VALUE ('060312','0603','06','La Libertad De Pallan')
 INSERT INTO Ubigeo VALUE ('060401','0604','06','Chota')
 INSERT INTO Ubigeo VALUE ('060402','0604','06','Anguia')
 INSERT INTO Ubigeo VALUE ('060403','0604','06','Chadin')
 INSERT INTO Ubigeo VALUE ('060404','0604','06','Chiguirip')
 INSERT INTO Ubigeo VALUE ('060405','0604','06','Chimban')
 INSERT INTO Ubigeo VALUE ('060406','0604','06','Choropampa')
 INSERT INTO Ubigeo VALUE ('060407','0604','06','Cochabamba')
 INSERT INTO Ubigeo VALUE ('060408','0604','06','Conchan')
 INSERT INTO Ubigeo VALUE ('060409','0604','06','Huambos')
 INSERT INTO Ubigeo VALUE ('060410','0604','06','Lajas')
 INSERT INTO Ubigeo VALUE ('060411','0604','06','Llama')
 INSERT INTO Ubigeo VALUE ('060412','0604','06','Miracosta')
 INSERT INTO Ubigeo VALUE ('060413','0604','06','Paccha')
 INSERT INTO Ubigeo VALUE ('060414','0604','06','Pion')
 INSERT INTO Ubigeo VALUE ('060415','0604','06','Querocoto')
 INSERT INTO Ubigeo VALUE ('060416','0604','06','San Juan De Licupis')
 INSERT INTO Ubigeo VALUE ('060417','0604','06','Tacabamba')
 INSERT INTO Ubigeo VALUE ('060418','0604','06','Tocmoche')
 INSERT INTO Ubigeo VALUE ('060419','0604','06','Chalamarca')
 INSERT INTO Ubigeo VALUE ('060501','0605','06','Contumaza')
 INSERT INTO Ubigeo VALUE ('060502','0605','06','Chilete')
 INSERT INTO Ubigeo VALUE ('060503','0605','06','Cupisnique')
 INSERT INTO Ubigeo VALUE ('060504','0605','06','Guzmango')
 INSERT INTO Ubigeo VALUE ('060505','0605','06','San Benito')
 INSERT INTO Ubigeo VALUE ('060506','0605','06','Santa Cruz De Toled')
 INSERT INTO Ubigeo VALUE ('060507','0605','06','Tantarica')
 INSERT INTO Ubigeo VALUE ('060508','0605','06','Yonan')
 INSERT INTO Ubigeo VALUE ('060601','0606','06','Cutervo')
 INSERT INTO Ubigeo VALUE ('060602','0606','06','Callayuc')
 INSERT INTO Ubigeo VALUE ('060603','0606','06','Choros')
 INSERT INTO Ubigeo VALUE ('060604','0606','06','Cujillo')
 INSERT INTO Ubigeo VALUE ('060605','0606','06','La Ramada')
 INSERT INTO Ubigeo VALUE ('060606','0606','06','Pimpingos')
 INSERT INTO Ubigeo VALUE ('060607','0606','06','Querocotillo')
 INSERT INTO Ubigeo VALUE ('060608','0606','06','San Andres De Cutervo')
 INSERT INTO Ubigeo VALUE ('060609','0606','06','San Juan De Cutervo')
 INSERT INTO Ubigeo VALUE ('060610','0606','06','San Luis De Lucma')
 INSERT INTO Ubigeo VALUE ('060611','0606','06','Santa Cruz')
 INSERT INTO Ubigeo VALUE ('060612','0606','06','Santo Domingo De La Capilla')
 INSERT INTO Ubigeo VALUE ('060613','0606','06','Santo Tomas')
 INSERT INTO Ubigeo VALUE ('060614','0606','06','Socota')
 INSERT INTO Ubigeo VALUE ('060615','0606','06','Toribio Casanova')
 INSERT INTO Ubigeo VALUE ('060701','0607','06','Bambamarca')
 INSERT INTO Ubigeo VALUE ('060702','0607','06','Chugur')
 INSERT INTO Ubigeo VALUE ('060703','0607','06','Hualgayoc')
 INSERT INTO Ubigeo VALUE ('060801','0608','06','Jaen')
 INSERT INTO Ubigeo VALUE ('060802','0608','06','Bellavista')
 INSERT INTO Ubigeo VALUE ('060803','0608','06','Chontali')
 INSERT INTO Ubigeo VALUE ('060804','0608','06','Colasay')
 INSERT INTO Ubigeo VALUE ('060805','0608','06','Huabal')
 INSERT INTO Ubigeo VALUE ('060806','0608','06','Las Pirias')
 INSERT INTO Ubigeo VALUE ('060807','0608','06','Pomahuaca')
 INSERT INTO Ubigeo VALUE ('060808','0608','06','Pucara')
 INSERT INTO Ubigeo VALUE ('060809','0608','06','Sallique')
 INSERT INTO Ubigeo VALUE ('060810','0608','06','San Felipe')
 INSERT INTO Ubigeo VALUE ('060811','0608','06','San Jose Del Alto')
 INSERT INTO Ubigeo VALUE ('060812','0608','06','Santa Rosa')
 INSERT INTO Ubigeo VALUE ('060901','0609','06','San Ignacio')
 INSERT INTO Ubigeo VALUE ('060902','0609','06','Chirinos')
 INSERT INTO Ubigeo VALUE ('060903','0609','06','Huarango')
 INSERT INTO Ubigeo VALUE ('060904','0609','06','La Coipa')
 INSERT INTO Ubigeo VALUE ('060905','0609','06','Namballe')
 INSERT INTO Ubigeo VALUE ('060906','0609','06','San Jose De Lourdes')
 INSERT INTO Ubigeo VALUE ('060907','0609','06','Tabaconas')
 INSERT INTO Ubigeo VALUE ('061001','0610','06','Pedro Galvez')
 INSERT INTO Ubigeo VALUE ('061002','0610','06','Chancay')
 INSERT INTO Ubigeo VALUE ('061003','0610','06','Eduardo Villanueva')
 INSERT INTO Ubigeo VALUE ('061004','0610','06','Gregorio Pita')
 INSERT INTO Ubigeo VALUE ('061005','0610','06','Ichocan')
 INSERT INTO Ubigeo VALUE ('061006','0610','06','Jose Manuel Quiroz')
 INSERT INTO Ubigeo VALUE ('061007','0610','06','Jose Sabogal')
 INSERT INTO Ubigeo VALUE ('061101','0611','06','San Miguel')
 INSERT INTO Ubigeo VALUE ('061102','0611','06','Bolivar')
 INSERT INTO Ubigeo VALUE ('061103','0611','06','Calquis')
 INSERT INTO Ubigeo VALUE ('061104','0611','06','Catilluc')
 INSERT INTO Ubigeo VALUE ('061105','0611','06','El Prado')
 INSERT INTO Ubigeo VALUE ('061106','0611','06','La Florida')
 INSERT INTO Ubigeo VALUE ('061107','0611','06','Llapa')
 INSERT INTO Ubigeo VALUE ('061108','0611','06','Nanchoc')
 INSERT INTO Ubigeo VALUE ('061109','0611','06','Niepos')
 INSERT INTO Ubigeo VALUE ('061110','0611','06','San Gregorio')
 INSERT INTO Ubigeo VALUE ('061111','0611','06','San Silvestre De Cochan')
 INSERT INTO Ubigeo VALUE ('061112','0611','06','Tongod')
 INSERT INTO Ubigeo VALUE ('061113','0611','06','Union Agua Blanca')
 INSERT INTO Ubigeo VALUE ('061201','0612','06','San Pablo')
 INSERT INTO Ubigeo VALUE ('061202','0612','06','San Bernardino')
 INSERT INTO Ubigeo VALUE ('061203','0612','06','San Luis')
 INSERT INTO Ubigeo VALUE ('061204','0612','06','Tumbaden')
 INSERT INTO Ubigeo VALUE ('061301','0613','06','Santa Cruz')
 INSERT INTO Ubigeo VALUE ('061302','0613','06','Andabamba')
 INSERT INTO Ubigeo VALUE ('061303','0613','06','Catache')
 INSERT INTO Ubigeo VALUE ('061304','0613','06','Chancaybaños')
 INSERT INTO Ubigeo VALUE ('061305','0613','06','La Esperanza')
 INSERT INTO Ubigeo VALUE ('061306','0613','06','Ninabamba')
 INSERT INTO Ubigeo VALUE ('061307','0613','06','Pulan')
 INSERT INTO Ubigeo VALUE ('061308','0613','06','Saucepampa')
 INSERT INTO Ubigeo VALUE ('061309','0613','06','Sexi')
 INSERT INTO Ubigeo VALUE ('061310','0613','06','Uticyacu')
 INSERT INTO Ubigeo VALUE ('061311','0613','06','Yauyucan')
 INSERT INTO Ubigeo VALUE ('070101','0701','07','Callao')
 INSERT INTO Ubigeo VALUE ('070102','0701','07','Bellavista')
 INSERT INTO Ubigeo VALUE ('070103','0701','07','Carmen De La Legua Reynoso')
 INSERT INTO Ubigeo VALUE ('070104','0701','07','La Perla')
 INSERT INTO Ubigeo VALUE ('070105','0701','07','La Punta')
 INSERT INTO Ubigeo VALUE ('070106','0701','07','Ventanilla')
 INSERT INTO Ubigeo VALUE ('070107','0701','07','Mi Peru')
 INSERT INTO Ubigeo VALUE ('080101','0801','08','Cusco')
 INSERT INTO Ubigeo VALUE ('080102','0801','08','Ccorca')
 INSERT INTO Ubigeo VALUE ('080103','0801','08','Poroy')
 INSERT INTO Ubigeo VALUE ('080104','0801','08','San Jeronimo')
 INSERT INTO Ubigeo VALUE ('080105','0801','08','San Sebastian')
 INSERT INTO Ubigeo VALUE ('080106','0801','08','Santiago')
 INSERT INTO Ubigeo VALUE ('080107','0801','08','Saylla')
 INSERT INTO Ubigeo VALUE ('080108','0801','08','Wanchaq')
 INSERT INTO Ubigeo VALUE ('080201','0802','08','Acomayo')
 INSERT INTO Ubigeo VALUE ('080202','0802','08','Acopia')
 INSERT INTO Ubigeo VALUE ('080203','0802','08','Acos')
 INSERT INTO Ubigeo VALUE ('080204','0802','08','Mosoc Llacta')
 INSERT INTO Ubigeo VALUE ('080205','0802','08','Pomacanchi')
 INSERT INTO Ubigeo VALUE ('080206','0802','08','Rondocan')
 INSERT INTO Ubigeo VALUE ('080207','0802','08','Sangarara')
 INSERT INTO Ubigeo VALUE ('080301','0803','08','Anta')
 INSERT INTO Ubigeo VALUE ('080302','0803','08','Ancahuasi')
 INSERT INTO Ubigeo VALUE ('080303','0803','08','Cachimayo')
 INSERT INTO Ubigeo VALUE ('080304','0803','08','Chinchaypujio')
 INSERT INTO Ubigeo VALUE ('080305','0803','08','Huarocondo')
 INSERT INTO Ubigeo VALUE ('080306','0803','08','Limatambo')
 INSERT INTO Ubigeo VALUE ('080307','0803','08','Mollepata')
 INSERT INTO Ubigeo VALUE ('080308','0803','08','Pucyura')
 INSERT INTO Ubigeo VALUE ('080309','0803','08','Zurite')
 INSERT INTO Ubigeo VALUE ('080401','0804','08','Calca')
 INSERT INTO Ubigeo VALUE ('080402','0804','08','Coya')
 INSERT INTO Ubigeo VALUE ('080403','0804','08','Lamay')
 INSERT INTO Ubigeo VALUE ('080404','0804','08','Lares')
 INSERT INTO Ubigeo VALUE ('080405','0804','08','Pisac')
 INSERT INTO Ubigeo VALUE ('080406','0804','08','San Salvador')
 INSERT INTO Ubigeo VALUE ('080407','0804','08','Taray')
 INSERT INTO Ubigeo VALUE ('080408','0804','08','Yanatile')
 INSERT INTO Ubigeo VALUE ('080501','0805','08','Yanaoca')
 INSERT INTO Ubigeo VALUE ('080502','0805','08','Checca')
 INSERT INTO Ubigeo VALUE ('080503','0805','08','Kunturkanki')
 INSERT INTO Ubigeo VALUE ('080504','0805','08','Langui')
 INSERT INTO Ubigeo VALUE ('080505','0805','08','Layo')
 INSERT INTO Ubigeo VALUE ('080506','0805','08','Pampamarca')
 INSERT INTO Ubigeo VALUE ('080507','0805','08','Quehue')
 INSERT INTO Ubigeo VALUE ('080508','0805','08','Tupac Amaru')
 INSERT INTO Ubigeo VALUE ('080601','0806','08','Sicuani')
 INSERT INTO Ubigeo VALUE ('080602','0806','08','Checacupe')
 INSERT INTO Ubigeo VALUE ('080603','0806','08','Combapata')
 INSERT INTO Ubigeo VALUE ('080604','0806','08','Marangani')
 INSERT INTO Ubigeo VALUE ('080605','0806','08','Pitumarca')
 INSERT INTO Ubigeo VALUE ('080606','0806','08','San Pablo')
 INSERT INTO Ubigeo VALUE ('080607','0806','08','San Pedro')
 INSERT INTO Ubigeo VALUE ('080608','0806','08','Tinta')
 INSERT INTO Ubigeo VALUE ('080701','0807','08','Santo Tomas')
 INSERT INTO Ubigeo VALUE ('080702','0807','08','Capacmarca')
 INSERT INTO Ubigeo VALUE ('080703','0807','08','Chamaca')
 INSERT INTO Ubigeo VALUE ('080704','0807','08','Colquemarca')
 INSERT INTO Ubigeo VALUE ('080705','0807','08','Livitaca')
 INSERT INTO Ubigeo VALUE ('080706','0807','08','Llusco')
 INSERT INTO Ubigeo VALUE ('080707','0807','08','Quiñota')
 INSERT INTO Ubigeo VALUE ('080708','0807','08','Velille')
 INSERT INTO Ubigeo VALUE ('080801','0808','08','Espinar')
 INSERT INTO Ubigeo VALUE ('080802','0808','08','Condoroma')
 INSERT INTO Ubigeo VALUE ('080803','0808','08','Coporaque')
 INSERT INTO Ubigeo VALUE ('080804','0808','08','Ocoruro')
 INSERT INTO Ubigeo VALUE ('080805','0808','08','Pallpata')
 INSERT INTO Ubigeo VALUE ('080806','0808','08','Pichigua')
 INSERT INTO Ubigeo VALUE ('080807','0808','08','Suyckutambo')
 INSERT INTO Ubigeo VALUE ('080808','0808','08','Alto Pichigua')
 INSERT INTO Ubigeo VALUE ('080901','0809','08','Santa Ana')
 INSERT INTO Ubigeo VALUE ('080902','0809','08','Echarate')
 INSERT INTO Ubigeo VALUE ('080903','0809','08','Huayopata')
 INSERT INTO Ubigeo VALUE ('080904','0809','08','Maranura')
 INSERT INTO Ubigeo VALUE ('080905','0809','08','Ocobamba')
 INSERT INTO Ubigeo VALUE ('080906','0809','08','Quellouno')
 INSERT INTO Ubigeo VALUE ('080907','0809','08','Kimbiri')
 INSERT INTO Ubigeo VALUE ('080908','0809','08','Santa Teresa')
 INSERT INTO Ubigeo VALUE ('080909','0809','08','Vilcabamba')
 INSERT INTO Ubigeo VALUE ('080910','0809','08','Pichari')
 INSERT INTO Ubigeo VALUE ('080911','0809','08','Inkawasi')
 INSERT INTO Ubigeo VALUE ('080912','0809','08','Villa Virgen')
 INSERT INTO Ubigeo VALUE ('080913','0809','08','Villa Kintiarina')
 INSERT INTO Ubigeo VALUE ('080914','0809','08','Megantoni')
 INSERT INTO Ubigeo VALUE ('081001','0810','08','Paruro')
 INSERT INTO Ubigeo VALUE ('081002','0810','08','Accha')
 INSERT INTO Ubigeo VALUE ('081003','0810','08','Ccapi')
 INSERT INTO Ubigeo VALUE ('081004','0810','08','Colcha')
 INSERT INTO Ubigeo VALUE ('081005','0810','08','Huanoquite')
 INSERT INTO Ubigeo VALUE ('081006','0810','08','Omacha')
 INSERT INTO Ubigeo VALUE ('081007','0810','08','Paccaritambo')
 INSERT INTO Ubigeo VALUE ('081008','0810','08','Pillpinto')
 INSERT INTO Ubigeo VALUE ('081009','0810','08','Yaurisque')
 INSERT INTO Ubigeo VALUE ('081101','0811','08','Paucartambo')
 INSERT INTO Ubigeo VALUE ('081102','0811','08','Caicay')
 INSERT INTO Ubigeo VALUE ('081103','0811','08','Challabamba')
 INSERT INTO Ubigeo VALUE ('081104','0811','08','Colquepata')
 INSERT INTO Ubigeo VALUE ('081105','0811','08','Huancarani')
 INSERT INTO Ubigeo VALUE ('081106','0811','08','Kosñipata')
 INSERT INTO Ubigeo VALUE ('081201','0812','08','Urcos')
 INSERT INTO Ubigeo VALUE ('081202','0812','08','Andahuaylillas')
 INSERT INTO Ubigeo VALUE ('081203','0812','08','Camanti')
 INSERT INTO Ubigeo VALUE ('081204','0812','08','Ccarhuayo')
 INSERT INTO Ubigeo VALUE ('081205','0812','08','Ccatca')
 INSERT INTO Ubigeo VALUE ('081206','0812','08','Cusipata')
 INSERT INTO Ubigeo VALUE ('081207','0812','08','Huaro')
 INSERT INTO Ubigeo VALUE ('081208','0812','08','Lucre')
 INSERT INTO Ubigeo VALUE ('081209','0812','08','Marcapata')
 INSERT INTO Ubigeo VALUE ('081210','0812','08','Ocongate')
 INSERT INTO Ubigeo VALUE ('081211','0812','08','Oropesa')
 INSERT INTO Ubigeo VALUE ('081212','0812','08','Quiquijana')
 INSERT INTO Ubigeo VALUE ('081301','0813','08','Urubamba')
 INSERT INTO Ubigeo VALUE ('081302','0813','08','Chinchero')
 INSERT INTO Ubigeo VALUE ('081303','0813','08','Huayllabamba')
 INSERT INTO Ubigeo VALUE ('081304','0813','08','Machupicchu')
 INSERT INTO Ubigeo VALUE ('081305','0813','08','Maras')
 INSERT INTO Ubigeo VALUE ('081306','0813','08','Ollantaytambo')
 INSERT INTO Ubigeo VALUE ('081307','0813','08','Yucay')
 INSERT INTO Ubigeo VALUE ('090101','0901','09','Huancavelica')
 INSERT INTO Ubigeo VALUE ('090102','0901','09','Acobambilla')
 INSERT INTO Ubigeo VALUE ('090103','0901','09','Acoria')
 INSERT INTO Ubigeo VALUE ('090104','0901','09','Conayca')
 INSERT INTO Ubigeo VALUE ('090105','0901','09','Cuenca')
 INSERT INTO Ubigeo VALUE ('090106','0901','09','Huachocolpa')
 INSERT INTO Ubigeo VALUE ('090107','0901','09','Huayllahuara')
 INSERT INTO Ubigeo VALUE ('090108','0901','09','Izcuchaca')
 INSERT INTO Ubigeo VALUE ('090109','0901','09','Laria')
 INSERT INTO Ubigeo VALUE ('090110','0901','09','Manta')
 INSERT INTO Ubigeo VALUE ('090111','0901','09','Mariscal Caceres')
 INSERT INTO Ubigeo VALUE ('090112','0901','09','Moya')
 INSERT INTO Ubigeo VALUE ('090113','0901','09','Nuevo Occoro')
 INSERT INTO Ubigeo VALUE ('090114','0901','09','Palca')
 INSERT INTO Ubigeo VALUE ('090115','0901','09','Pilchaca')
 INSERT INTO Ubigeo VALUE ('090116','0901','09','Vilca')
 INSERT INTO Ubigeo VALUE ('090117','0901','09','Yauli')
 INSERT INTO Ubigeo VALUE ('090118','0901','09','Ascension')
 INSERT INTO Ubigeo VALUE ('090119','0901','09','Huando')
 INSERT INTO Ubigeo VALUE ('090201','0902','09','Acobamba')
 INSERT INTO Ubigeo VALUE ('090202','0902','09','Andabamba')
 INSERT INTO Ubigeo VALUE ('090203','0902','09','Anta')
 INSERT INTO Ubigeo VALUE ('090204','0902','09','Caja')
 INSERT INTO Ubigeo VALUE ('090205','0902','09','Marcas')
 INSERT INTO Ubigeo VALUE ('090206','0902','09','Paucara')
 INSERT INTO Ubigeo VALUE ('090207','0902','09','Pomacocha')
 INSERT INTO Ubigeo VALUE ('090208','0902','09','Rosario')
 INSERT INTO Ubigeo VALUE ('090301','0903','09','Lircay')
 INSERT INTO Ubigeo VALUE ('090302','0903','09','Anchonga')
 INSERT INTO Ubigeo VALUE ('090303','0903','09','Callanmarca')
 INSERT INTO Ubigeo VALUE ('090304','0903','09','Ccochaccasa')
 INSERT INTO Ubigeo VALUE ('090305','0903','09','Chincho')
 INSERT INTO Ubigeo VALUE ('090306','0903','09','Congalla')
 INSERT INTO Ubigeo VALUE ('090307','0903','09','HuancA-Huanca')
 INSERT INTO Ubigeo VALUE ('090308','0903','09','Huayllay Grande')
 INSERT INTO Ubigeo VALUE ('090309','0903','09','Julcamarca')
 INSERT INTO Ubigeo VALUE ('090310','0903','09','San Antonio De Antaparco')
 INSERT INTO Ubigeo VALUE ('090311','0903','09','Santo Tomas De Pata')
 INSERT INTO Ubigeo VALUE ('090312','0903','09','Secclla')
 INSERT INTO Ubigeo VALUE ('090401','0904','09','Castrovirreyna')
 INSERT INTO Ubigeo VALUE ('090402','0904','09','Arma')
 INSERT INTO Ubigeo VALUE ('090403','0904','09','Aurahua')
 INSERT INTO Ubigeo VALUE ('090404','0904','09','Capillas')
 INSERT INTO Ubigeo VALUE ('090405','0904','09','Chupamarca')
 INSERT INTO Ubigeo VALUE ('090406','0904','09','Cocas')
 INSERT INTO Ubigeo VALUE ('090407','0904','09','Huachos')
 INSERT INTO Ubigeo VALUE ('090408','0904','09','Huamatambo')
 INSERT INTO Ubigeo VALUE ('090409','0904','09','Mollepampa')
 INSERT INTO Ubigeo VALUE ('090410','0904','09','San Juan')
 INSERT INTO Ubigeo VALUE ('090411','0904','09','Santa Ana')
 INSERT INTO Ubigeo VALUE ('090412','0904','09','Tantara')
 INSERT INTO Ubigeo VALUE ('090413','0904','09','Ticrapo')
 INSERT INTO Ubigeo VALUE ('090501','0905','09','Churcampa')
 INSERT INTO Ubigeo VALUE ('090502','0905','09','Anco')
 INSERT INTO Ubigeo VALUE ('090503','0905','09','Chinchihuasi')
 INSERT INTO Ubigeo VALUE ('090504','0905','09','El Carmen')
 INSERT INTO Ubigeo VALUE ('090505','0905','09','La Merced')
 INSERT INTO Ubigeo VALUE ('090506','0905','09','Locroja')
 INSERT INTO Ubigeo VALUE ('090507','0905','09','Paucarbamba')
 INSERT INTO Ubigeo VALUE ('090508','0905','09','San Miguel De Mayocc')
 INSERT INTO Ubigeo VALUE ('090509','0905','09','San Pedro De Coris')
 INSERT INTO Ubigeo VALUE ('090510','0905','09','Pachamarca')
 INSERT INTO Ubigeo VALUE ('090511','0905','09','Cosme')
 INSERT INTO Ubigeo VALUE ('090601','0906','09','Huaytara')
 INSERT INTO Ubigeo VALUE ('090602','0906','09','Ayavi')
 INSERT INTO Ubigeo VALUE ('090603','0906','09','Cordova')
 INSERT INTO Ubigeo VALUE ('090604','0906','09','Huayacundo Arma')
 INSERT INTO Ubigeo VALUE ('090605','0906','09','Laramarca')
 INSERT INTO Ubigeo VALUE ('090606','0906','09','Ocoyo')
 INSERT INTO Ubigeo VALUE ('090607','0906','09','Pilpichaca')
 INSERT INTO Ubigeo VALUE ('090608','0906','09','Querco')
 INSERT INTO Ubigeo VALUE ('090609','0906','09','QuitO-Arma')
 INSERT INTO Ubigeo VALUE ('090610','0906','09','San Antonio De Cusicancha')
 INSERT INTO Ubigeo VALUE ('090611','0906','09','San Francisco De Sangayaico')
 INSERT INTO Ubigeo VALUE ('090612','0906','09','San Isidro')
 INSERT INTO Ubigeo VALUE ('090613','0906','09','Santiago De Chocorvos')
 INSERT INTO Ubigeo VALUE ('090614','0906','09','Santiago De Quirahuara')
 INSERT INTO Ubigeo VALUE ('090615','0906','09','Santo Domingo De Capillas')
 INSERT INTO Ubigeo VALUE ('090616','0906','09','Tambo')
 INSERT INTO Ubigeo VALUE ('090701','0907','09','Pampas')
 INSERT INTO Ubigeo VALUE ('090702','0907','09','Acostambo')
 INSERT INTO Ubigeo VALUE ('090703','0907','09','Acraquia')
 INSERT INTO Ubigeo VALUE ('090704','0907','09','Ahuaycha')
 INSERT INTO Ubigeo VALUE ('090705','0907','09','Colcabamba')
 INSERT INTO Ubigeo VALUE ('090706','0907','09','Daniel Hernandez')
 INSERT INTO Ubigeo VALUE ('090707','0907','09','Huachocolpa')
 INSERT INTO Ubigeo VALUE ('090709','0907','09','Huaribamba')
 INSERT INTO Ubigeo VALUE ('090710','0907','09','Ñahuimpuquio')
 INSERT INTO Ubigeo VALUE ('090711','0907','09','Pazos')
 INSERT INTO Ubigeo VALUE ('090713','0907','09','Quishuar')
 INSERT INTO Ubigeo VALUE ('090714','0907','09','Salcabamba')
 INSERT INTO Ubigeo VALUE ('090715','0907','09','Salcahuasi')
 INSERT INTO Ubigeo VALUE ('090716','0907','09','San Marcos De Rocchac')
 INSERT INTO Ubigeo VALUE ('090717','0907','09','Surcubamba')
 INSERT INTO Ubigeo VALUE ('090718','0907','09','Tintay Puncu')
 INSERT INTO Ubigeo VALUE ('090719','0907','09','Quichuas')
 INSERT INTO Ubigeo VALUE ('090720','0907','09','Andaymarca')
 INSERT INTO Ubigeo VALUE ('090721','0907','09','Roble')
 INSERT INTO Ubigeo VALUE ('090722','0907','09','Pichos')
 INSERT INTO Ubigeo VALUE ('090723','0907','09','Santiago De Tucuma')
 INSERT INTO Ubigeo VALUE ('100101','1001','10','Huanuco')
 INSERT INTO Ubigeo VALUE ('100102','1001','10','Amarilis')
 INSERT INTO Ubigeo VALUE ('100103','1001','10','Chinchao')
 INSERT INTO Ubigeo VALUE ('100104','1001','10','Churubamba')
 INSERT INTO Ubigeo VALUE ('100105','1001','10','Margos')
 INSERT INTO Ubigeo VALUE ('100106','1001','10','Quisqui (kichki)')
 INSERT INTO Ubigeo VALUE ('100107','1001','10','San Francisco De Cayran')
 INSERT INTO Ubigeo VALUE ('100108','1001','10','San Pedro De Chaulan')
 INSERT INTO Ubigeo VALUE ('100109','1001','10','Santa Maria Del Valle')
 INSERT INTO Ubigeo VALUE ('100110','1001','10','Yarumayo')
 INSERT INTO Ubigeo VALUE ('100111','1001','10','Pillco Marca')
 INSERT INTO Ubigeo VALUE ('100112','1001','10','Yacus')
 INSERT INTO Ubigeo VALUE ('100113','1001','10','San Pablo De Pillao')
 INSERT INTO Ubigeo VALUE ('100201','1002','10','Ambo')
 INSERT INTO Ubigeo VALUE ('100202','1002','10','Cayna')
 INSERT INTO Ubigeo VALUE ('100203','1002','10','Colpas')
 INSERT INTO Ubigeo VALUE ('100204','1002','10','Conchamarca')
 INSERT INTO Ubigeo VALUE ('100205','1002','10','Huacar')
 INSERT INTO Ubigeo VALUE ('100206','1002','10','San Francisco')
 INSERT INTO Ubigeo VALUE ('100207','1002','10','San Rafael')
 INSERT INTO Ubigeo VALUE ('100208','1002','10','Tomay Kichwa')
 INSERT INTO Ubigeo VALUE ('100301','1003','10','La Union')
 INSERT INTO Ubigeo VALUE ('100307','1003','10','Chuquis')
 INSERT INTO Ubigeo VALUE ('100311','1003','10','Marias')
 INSERT INTO Ubigeo VALUE ('100313','1003','10','Pachas')
 INSERT INTO Ubigeo VALUE ('100316','1003','10','Quivilla')
 INSERT INTO Ubigeo VALUE ('100317','1003','10','Ripan')
 INSERT INTO Ubigeo VALUE ('100321','1003','10','Shunqui')
 INSERT INTO Ubigeo VALUE ('100322','1003','10','Sillapata')
 INSERT INTO Ubigeo VALUE ('100323','1003','10','Yanas')
 INSERT INTO Ubigeo VALUE ('100401','1004','10','Huacaybamba')
 INSERT INTO Ubigeo VALUE ('100402','1004','10','Canchabamba')
 INSERT INTO Ubigeo VALUE ('100403','1004','10','Cochabamba')
 INSERT INTO Ubigeo VALUE ('100404','1004','10','Pinra')
 INSERT INTO Ubigeo VALUE ('100501','1005','10','Llata')
 INSERT INTO Ubigeo VALUE ('100502','1005','10','Arancay')
 INSERT INTO Ubigeo VALUE ('100503','1005','10','Chavin De Pariarca')
 INSERT INTO Ubigeo VALUE ('100504','1005','10','Jacas Grande')
 INSERT INTO Ubigeo VALUE ('100505','1005','10','Jircan')
 INSERT INTO Ubigeo VALUE ('100506','1005','10','Miraflores')
 INSERT INTO Ubigeo VALUE ('100507','1005','10','Monzon')
 INSERT INTO Ubigeo VALUE ('100508','1005','10','Punchao')
 INSERT INTO Ubigeo VALUE ('100509','1005','10','Puños')
 INSERT INTO Ubigeo VALUE ('100510','1005','10','Singa')
 INSERT INTO Ubigeo VALUE ('100511','1005','10','Tantamayo')
 INSERT INTO Ubigeo VALUE ('100601','1006','10','RupA-Rupa')
 INSERT INTO Ubigeo VALUE ('100602','1006','10','Daniel Alomia Robles')
 INSERT INTO Ubigeo VALUE ('100603','1006','10','Hermilio Valdizan')
 INSERT INTO Ubigeo VALUE ('100604','1006','10','Jose Crespo Y Castillo')
 INSERT INTO Ubigeo VALUE ('100605','1006','10','Luyando')
 INSERT INTO Ubigeo VALUE ('100606','1006','10','Mariano Damaso Beraun')
 INSERT INTO Ubigeo VALUE ('100607','1006','10','Pucayacu')
 INSERT INTO Ubigeo VALUE ('100608','1006','10','Castillo Grande')
 INSERT INTO Ubigeo VALUE ('100609','1006','10','Pueblo Nuevo')
 INSERT INTO Ubigeo VALUE ('100610','1006','10','Santo Domingo De Andia')
 INSERT INTO Ubigeo VALUE ('100701','1007','10','Huacrachuco')
 INSERT INTO Ubigeo VALUE ('100702','1007','10','Cholon')
 INSERT INTO Ubigeo VALUE ('100703','1007','10','San Buenaventura')
 INSERT INTO Ubigeo VALUE ('100704','1007','10','La Morada')
 INSERT INTO Ubigeo VALUE ('100705','1007','10','Santa Rosa De Alto Yanajanca')
 INSERT INTO Ubigeo VALUE ('100801','1008','10','Panao')
 INSERT INTO Ubigeo VALUE ('100802','1008','10','Chaglla')
 INSERT INTO Ubigeo VALUE ('100803','1008','10','Molino')
 INSERT INTO Ubigeo VALUE ('100804','1008','10','Umari')
 INSERT INTO Ubigeo VALUE ('100901','1009','10','Puerto Inca')
 INSERT INTO Ubigeo VALUE ('100902','1009','10','Codo Del Pozuzo')
 INSERT INTO Ubigeo VALUE ('100903','1009','10','Honoria')
 INSERT INTO Ubigeo VALUE ('100904','1009','10','Tournavista')
 INSERT INTO Ubigeo VALUE ('100905','1009','10','Yuyapichis')
 INSERT INTO Ubigeo VALUE ('101001','1010','10','Jesus')
 INSERT INTO Ubigeo VALUE ('101002','1010','10','Baños')
 INSERT INTO Ubigeo VALUE ('101003','1010','10','Jivia')
 INSERT INTO Ubigeo VALUE ('101004','1010','10','Queropalca')
 INSERT INTO Ubigeo VALUE ('101005','1010','10','Rondos')
 INSERT INTO Ubigeo VALUE ('101006','1010','10','San Francisco De Asis')
 INSERT INTO Ubigeo VALUE ('101007','1010','10','San Miguel De Cauri')
 INSERT INTO Ubigeo VALUE ('101101','1011','10','Chavinillo')
 INSERT INTO Ubigeo VALUE ('101102','1011','10','Cahuac')
 INSERT INTO Ubigeo VALUE ('101103','1011','10','Chacabamba')
 INSERT INTO Ubigeo VALUE ('101104','1011','10','Aparicio Pomares')
 INSERT INTO Ubigeo VALUE ('101105','1011','10','Jacas Chico')
 INSERT INTO Ubigeo VALUE ('101106','1011','10','Obas')
 INSERT INTO Ubigeo VALUE ('101107','1011','10','Pampamarca')
 INSERT INTO Ubigeo VALUE ('101108','1011','10','Choras')
 INSERT INTO Ubigeo VALUE ('110101','1101','11','Ica')
 INSERT INTO Ubigeo VALUE ('110102','1101','11','La Tinguiña')
 INSERT INTO Ubigeo VALUE ('110103','1101','11','Los Aquijes')
 INSERT INTO Ubigeo VALUE ('110104','1101','11','Ocucaje')
 INSERT INTO Ubigeo VALUE ('110105','1101','11','Pachacutec')
 INSERT INTO Ubigeo VALUE ('110106','1101','11','Parcona')
 INSERT INTO Ubigeo VALUE ('110107','1101','11','Pueblo Nuevo')
 INSERT INTO Ubigeo VALUE ('110108','1101','11','Salas')
 INSERT INTO Ubigeo VALUE ('110109','1101','11','San Jose De Los Molinos')
 INSERT INTO Ubigeo VALUE ('110110','1101','11','San Juan Bautista')
 INSERT INTO Ubigeo VALUE ('110111','1101','11','Santiago')
 INSERT INTO Ubigeo VALUE ('110112','1101','11','Subtanjalla')
 INSERT INTO Ubigeo VALUE ('110113','1101','11','Tate')
 INSERT INTO Ubigeo VALUE ('110114','1101','11','Yauca Del Rosario')
 INSERT INTO Ubigeo VALUE ('110201','1102','11','Chincha Alta')
 INSERT INTO Ubigeo VALUE ('110202','1102','11','Alto Laran')
 INSERT INTO Ubigeo VALUE ('110203','1102','11','Chavin')
 INSERT INTO Ubigeo VALUE ('110204','1102','11','Chincha Baja')
 INSERT INTO Ubigeo VALUE ('110205','1102','11','El Carmen')
 INSERT INTO Ubigeo VALUE ('110206','1102','11','Grocio Prado')
 INSERT INTO Ubigeo VALUE ('110207','1102','11','Pueblo Nuevo')
 INSERT INTO Ubigeo VALUE ('110208','1102','11','San Juan De Yanac')
 INSERT INTO Ubigeo VALUE ('110209','1102','11','San Pedro De Huacarpana')
 INSERT INTO Ubigeo VALUE ('110210','1102','11','Sunampe')
 INSERT INTO Ubigeo VALUE ('110211','1102','11','Tambo De Mora')
 INSERT INTO Ubigeo VALUE ('110301','1103','11','Nasca')
 INSERT INTO Ubigeo VALUE ('110302','1103','11','Changuillo')
 INSERT INTO Ubigeo VALUE ('110303','1103','11','El Ingenio')
 INSERT INTO Ubigeo VALUE ('110304','1103','11','Marcona')
 INSERT INTO Ubigeo VALUE ('110305','1103','11','Vista Alegre')
 INSERT INTO Ubigeo VALUE ('110401','1104','11','Palpa')
 INSERT INTO Ubigeo VALUE ('110402','1104','11','Llipata')
 INSERT INTO Ubigeo VALUE ('110403','1104','11','Rio Grande')
 INSERT INTO Ubigeo VALUE ('110404','1104','11','Santa Cruz')
 INSERT INTO Ubigeo VALUE ('110405','1104','11','Tibillo')
 INSERT INTO Ubigeo VALUE ('110501','1105','11','Pisco')
 INSERT INTO Ubigeo VALUE ('110502','1105','11','Huancano')
 INSERT INTO Ubigeo VALUE ('110503','1105','11','Humay')
 INSERT INTO Ubigeo VALUE ('110504','1105','11','Independencia')
 INSERT INTO Ubigeo VALUE ('110505','1105','11','Paracas')
 INSERT INTO Ubigeo VALUE ('110506','1105','11','San Andres')
 INSERT INTO Ubigeo VALUE ('110507','1105','11','San Clemente')
 INSERT INTO Ubigeo VALUE ('110508','1105','11','Tupac Amaru Inca')
 INSERT INTO Ubigeo VALUE ('120101','1201','12','Huancayo')
 INSERT INTO Ubigeo VALUE ('120104','1201','12','Carhuacallanga')
 INSERT INTO Ubigeo VALUE ('120105','1201','12','Chacapampa')
 INSERT INTO Ubigeo VALUE ('120106','1201','12','Chicche')
 INSERT INTO Ubigeo VALUE ('120107','1201','12','Chilca')
 INSERT INTO Ubigeo VALUE ('120108','1201','12','Chongos Alto')
 INSERT INTO Ubigeo VALUE ('120111','1201','12','Chupuro')
 INSERT INTO Ubigeo VALUE ('120112','1201','12','Colca')
 INSERT INTO Ubigeo VALUE ('120113','1201','12','Cullhuas')
 INSERT INTO Ubigeo VALUE ('120114','1201','12','El Tambo')
 INSERT INTO Ubigeo VALUE ('120116','1201','12','Huacrapuquio')
 INSERT INTO Ubigeo VALUE ('120117','1201','12','Hualhuas')
 INSERT INTO Ubigeo VALUE ('120119','1201','12','Huancan')
 INSERT INTO Ubigeo VALUE ('120120','1201','12','Huasicancha')
 INSERT INTO Ubigeo VALUE ('120121','1201','12','Huayucachi')
 INSERT INTO Ubigeo VALUE ('120122','1201','12','Ingenio')
 INSERT INTO Ubigeo VALUE ('120124','1201','12','Pariahuanca')
 INSERT INTO Ubigeo VALUE ('120125','1201','12','Pilcomayo')
 INSERT INTO Ubigeo VALUE ('120126','1201','12','Pucara')
 INSERT INTO Ubigeo VALUE ('120127','1201','12','Quichuay')
 INSERT INTO Ubigeo VALUE ('120128','1201','12','Quilcas')
 INSERT INTO Ubigeo VALUE ('120129','1201','12','San Agustin')
 INSERT INTO Ubigeo VALUE ('120130','1201','12','San Jeronimo De Tunan')
 INSERT INTO Ubigeo VALUE ('120132','1201','12','Saño')
 INSERT INTO Ubigeo VALUE ('120133','1201','12','Sapallanga')
 INSERT INTO Ubigeo VALUE ('120134','1201','12','Sicaya')
 INSERT INTO Ubigeo VALUE ('120135','1201','12','Santo Domingo De Acobamba')
 INSERT INTO Ubigeo VALUE ('120136','1201','12','Viques')
 INSERT INTO Ubigeo VALUE ('120201','1202','12','Concepcion')
 INSERT INTO Ubigeo VALUE ('120202','1202','12','Aco')
 INSERT INTO Ubigeo VALUE ('120203','1202','12','Andamarca')
 INSERT INTO Ubigeo VALUE ('120204','1202','12','Chambara')
 INSERT INTO Ubigeo VALUE ('120205','1202','12','Cochas')
 INSERT INTO Ubigeo VALUE ('120206','1202','12','Comas')
 INSERT INTO Ubigeo VALUE ('120207','1202','12','Heroinas Toledo')
 INSERT INTO Ubigeo VALUE ('120208','1202','12','Manzanares')
 INSERT INTO Ubigeo VALUE ('120209','1202','12','Mariscal Castilla')
 INSERT INTO Ubigeo VALUE ('120210','1202','12','Matahuasi')
 INSERT INTO Ubigeo VALUE ('120211','1202','12','Mito')
 INSERT INTO Ubigeo VALUE ('120212','1202','12','Nueve De Julio')
 INSERT INTO Ubigeo VALUE ('120213','1202','12','Orcotuna')
 INSERT INTO Ubigeo VALUE ('120214','1202','12','San Jose De Quero')
 INSERT INTO Ubigeo VALUE ('120215','1202','12','Santa Rosa De Ocopa')
 INSERT INTO Ubigeo VALUE ('120301','1203','12','Chanchamayo')
 INSERT INTO Ubigeo VALUE ('120302','1203','12','Perene')
 INSERT INTO Ubigeo VALUE ('120303','1203','12','Pichanaqui')
 INSERT INTO Ubigeo VALUE ('120304','1203','12','San Luis De Shuaro')
 INSERT INTO Ubigeo VALUE ('120305','1203','12','San Ramon')
 INSERT INTO Ubigeo VALUE ('120306','1203','12','Vitoc')
 INSERT INTO Ubigeo VALUE ('120401','1204','12','Jauja')
 INSERT INTO Ubigeo VALUE ('120402','1204','12','Acolla')
 INSERT INTO Ubigeo VALUE ('120403','1204','12','Apata')
 INSERT INTO Ubigeo VALUE ('120404','1204','12','Ataura')
 INSERT INTO Ubigeo VALUE ('120405','1204','12','Canchayllo')
 INSERT INTO Ubigeo VALUE ('120406','1204','12','Curicaca')
 INSERT INTO Ubigeo VALUE ('120407','1204','12','El Mantaro')
 INSERT INTO Ubigeo VALUE ('120408','1204','12','Huamali')
 INSERT INTO Ubigeo VALUE ('120409','1204','12','Huaripampa')
 INSERT INTO Ubigeo VALUE ('120410','1204','12','Huertas')
 INSERT INTO Ubigeo VALUE ('120411','1204','12','Janjaillo')
 INSERT INTO Ubigeo VALUE ('120412','1204','12','Julcan')
 INSERT INTO Ubigeo VALUE ('120413','1204','12','Leonor Ordoñez')
 INSERT INTO Ubigeo VALUE ('120414','1204','12','Llocllapampa')
 INSERT INTO Ubigeo VALUE ('120415','1204','12','Marco')
 INSERT INTO Ubigeo VALUE ('120416','1204','12','Masma')
 INSERT INTO Ubigeo VALUE ('120417','1204','12','Masma Chicche')
 INSERT INTO Ubigeo VALUE ('120418','1204','12','Molinos')
 INSERT INTO Ubigeo VALUE ('120419','1204','12','Monobamba')
 INSERT INTO Ubigeo VALUE ('120420','1204','12','Muqui')
 INSERT INTO Ubigeo VALUE ('120421','1204','12','Muquiyauyo')
 INSERT INTO Ubigeo VALUE ('120422','1204','12','Paca')
 INSERT INTO Ubigeo VALUE ('120423','1204','12','Paccha')
 INSERT INTO Ubigeo VALUE ('120424','1204','12','Pancan')
 INSERT INTO Ubigeo VALUE ('120425','1204','12','Parco')
 INSERT INTO Ubigeo VALUE ('120426','1204','12','Pomacancha')
 INSERT INTO Ubigeo VALUE ('120427','1204','12','Ricran')
 INSERT INTO Ubigeo VALUE ('120428','1204','12','San Lorenzo')
 INSERT INTO Ubigeo VALUE ('120429','1204','12','San Pedro De Chunan')
 INSERT INTO Ubigeo VALUE ('120430','1204','12','Sausa')
 INSERT INTO Ubigeo VALUE ('120431','1204','12','Sincos')
 INSERT INTO Ubigeo VALUE ('120432','1204','12','Tunan Marca')
 INSERT INTO Ubigeo VALUE ('120433','1204','12','Yauli')
 INSERT INTO Ubigeo VALUE ('120434','1204','12','Yauyos')
 INSERT INTO Ubigeo VALUE ('120501','1205','12','Junin')
 INSERT INTO Ubigeo VALUE ('120502','1205','12','Carhuamayo')
 INSERT INTO Ubigeo VALUE ('120503','1205','12','Ondores')
 INSERT INTO Ubigeo VALUE ('120504','1205','12','Ulcumayo')
 INSERT INTO Ubigeo VALUE ('120601','1206','12','Satipo')
 INSERT INTO Ubigeo VALUE ('120602','1206','12','Coviriali')
 INSERT INTO Ubigeo VALUE ('120603','1206','12','Llaylla')
 INSERT INTO Ubigeo VALUE ('120604','1206','12','Mazamari')
 INSERT INTO Ubigeo VALUE ('120605','1206','12','Pampa Hermosa')
 INSERT INTO Ubigeo VALUE ('120606','1206','12','Pangoa')
 INSERT INTO Ubigeo VALUE ('120607','1206','12','Rio Negro')
 INSERT INTO Ubigeo VALUE ('120608','1206','12','Rio Tambo')
 INSERT INTO Ubigeo VALUE ('120609','1206','12','Vizcatan Del Ene')
 INSERT INTO Ubigeo VALUE ('120701','1207','12','Tarma')
 INSERT INTO Ubigeo VALUE ('120702','1207','12','Acobamba')
 INSERT INTO Ubigeo VALUE ('120703','1207','12','Huaricolca')
 INSERT INTO Ubigeo VALUE ('120704','1207','12','Huasahuasi')
 INSERT INTO Ubigeo VALUE ('120705','1207','12','La Union')
 INSERT INTO Ubigeo VALUE ('120706','1207','12','Palca')
 INSERT INTO Ubigeo VALUE ('120707','1207','12','Palcamayo')
 INSERT INTO Ubigeo VALUE ('120708','1207','12','San Pedro De Cajas')
 INSERT INTO Ubigeo VALUE ('120709','1207','12','Tapo')
 INSERT INTO Ubigeo VALUE ('120801','1208','12','La Oroya')
 INSERT INTO Ubigeo VALUE ('120802','1208','12','Chacapalpa')
 INSERT INTO Ubigeo VALUE ('120803','1208','12','HuaY-Huay')
 INSERT INTO Ubigeo VALUE ('120804','1208','12','Marcapomacocha')
 INSERT INTO Ubigeo VALUE ('120805','1208','12','Morococha')
 INSERT INTO Ubigeo VALUE ('120806','1208','12','Paccha')
 INSERT INTO Ubigeo VALUE ('120807','1208','12','Santa Barbara De Carhuacayan')
 INSERT INTO Ubigeo VALUE ('120808','1208','12','Santa Rosa De Sacco')
 INSERT INTO Ubigeo VALUE ('120809','1208','12','Suitucancha')
 INSERT INTO Ubigeo VALUE ('120810','1208','12','Yauli')
 INSERT INTO Ubigeo VALUE ('120901','1209','12','Chupaca')
 INSERT INTO Ubigeo VALUE ('120902','1209','12','Ahuac')
 INSERT INTO Ubigeo VALUE ('120903','1209','12','Chongos Bajo')
 INSERT INTO Ubigeo VALUE ('120904','1209','12','Huachac')
 INSERT INTO Ubigeo VALUE ('120905','1209','12','Huamancaca Chico')
 INSERT INTO Ubigeo VALUE ('120906','1209','12','San Juan De Iscos')
 INSERT INTO Ubigeo VALUE ('120907','1209','12','San Juan De Jarpa')
 INSERT INTO Ubigeo VALUE ('120908','1209','12','Tres De Diciembre')
 INSERT INTO Ubigeo VALUE ('120909','1209','12','Yanacancha')
 INSERT INTO Ubigeo VALUE ('130101','1301','13','Trujillo')
 INSERT INTO Ubigeo VALUE ('130102','1301','13','El Porvenir')
 INSERT INTO Ubigeo VALUE ('130103','1301','13','Florencia De Mora')
 INSERT INTO Ubigeo VALUE ('130104','1301','13','Huanchaco')
 INSERT INTO Ubigeo VALUE ('130105','1301','13','La Esperanza')
 INSERT INTO Ubigeo VALUE ('130106','1301','13','Laredo')
 INSERT INTO Ubigeo VALUE ('130107','1301','13','Moche')
 INSERT INTO Ubigeo VALUE ('130108','1301','13','Poroto')
 INSERT INTO Ubigeo VALUE ('130109','1301','13','Salaverry')
 INSERT INTO Ubigeo VALUE ('130110','1301','13','Simbal')
 INSERT INTO Ubigeo VALUE ('130111','1301','13','Victor Larco Herrera')
 INSERT INTO Ubigeo VALUE ('130201','1302','13','Ascope')
 INSERT INTO Ubigeo VALUE ('130202','1302','13','Chicama')
 INSERT INTO Ubigeo VALUE ('130203','1302','13','Chocope')
 INSERT INTO Ubigeo VALUE ('130204','1302','13','Magdalena De Cao')
 INSERT INTO Ubigeo VALUE ('130205','1302','13','Paijan')
 INSERT INTO Ubigeo VALUE ('130206','1302','13','Razuri')
 INSERT INTO Ubigeo VALUE ('130207','1302','13','Santiago De Cao')
 INSERT INTO Ubigeo VALUE ('130208','1302','13','Casa Grande')
 INSERT INTO Ubigeo VALUE ('130301','1303','13','Bolivar')
 INSERT INTO Ubigeo VALUE ('130302','1303','13','Bambamarca')
 INSERT INTO Ubigeo VALUE ('130303','1303','13','Condormarca')
 INSERT INTO Ubigeo VALUE ('130304','1303','13','Longotea')
 INSERT INTO Ubigeo VALUE ('130305','1303','13','Uchumarca')
 INSERT INTO Ubigeo VALUE ('130306','1303','13','Ucuncha')
 INSERT INTO Ubigeo VALUE ('130401','1304','13','Chepen')
 INSERT INTO Ubigeo VALUE ('130402','1304','13','Pacanga')
 INSERT INTO Ubigeo VALUE ('130403','1304','13','Pueblo Nuevo')
 INSERT INTO Ubigeo VALUE ('130501','1305','13','Julcan')
 INSERT INTO Ubigeo VALUE ('130502','1305','13','Calamarca')
 INSERT INTO Ubigeo VALUE ('130503','1305','13','Carabamba')
 INSERT INTO Ubigeo VALUE ('130504','1305','13','Huaso')
 INSERT INTO Ubigeo VALUE ('130601','1306','13','Otuzco')
 INSERT INTO Ubigeo VALUE ('130602','1306','13','Agallpampa')
 INSERT INTO Ubigeo VALUE ('130604','1306','13','Charat')
 INSERT INTO Ubigeo VALUE ('130605','1306','13','Huaranchal')
 INSERT INTO Ubigeo VALUE ('130606','1306','13','La Cuesta')
 INSERT INTO Ubigeo VALUE ('130608','1306','13','Mache')
 INSERT INTO Ubigeo VALUE ('130610','1306','13','Paranday')
 INSERT INTO Ubigeo VALUE ('130611','1306','13','Salpo')
 INSERT INTO Ubigeo VALUE ('130613','1306','13','Sinsicap')
 INSERT INTO Ubigeo VALUE ('130614','1306','13','Usquil')
 INSERT INTO Ubigeo VALUE ('130701','1307','13','San Pedro De Lloc')
 INSERT INTO Ubigeo VALUE ('130702','1307','13','Guadalupe')
 INSERT INTO Ubigeo VALUE ('130703','1307','13','Jequetepeque')
 INSERT INTO Ubigeo VALUE ('130704','1307','13','Pacasmayo')
 INSERT INTO Ubigeo VALUE ('130705','1307','13','San Jose')
 INSERT INTO Ubigeo VALUE ('130801','1308','13','Tayabamba')
 INSERT INTO Ubigeo VALUE ('130802','1308','13','Buldibuyo')
 INSERT INTO Ubigeo VALUE ('130803','1308','13','Chillia')
 INSERT INTO Ubigeo VALUE ('130804','1308','13','Huancaspata')
 INSERT INTO Ubigeo VALUE ('130805','1308','13','Huaylillas')
 INSERT INTO Ubigeo VALUE ('130806','1308','13','Huayo')
 INSERT INTO Ubigeo VALUE ('130807','1308','13','Ongon')
 INSERT INTO Ubigeo VALUE ('130808','1308','13','Parcoy')
 INSERT INTO Ubigeo VALUE ('130809','1308','13','Pataz')
 INSERT INTO Ubigeo VALUE ('130810','1308','13','Pias')
 INSERT INTO Ubigeo VALUE ('130811','1308','13','Santiago De Challas')
 INSERT INTO Ubigeo VALUE ('130812','1308','13','Taurija')
 INSERT INTO Ubigeo VALUE ('130813','1308','13','Urpay')
 INSERT INTO Ubigeo VALUE ('130901','1309','13','Huamachuco')
 INSERT INTO Ubigeo VALUE ('130902','1309','13','Chugay')
 INSERT INTO Ubigeo VALUE ('130903','1309','13','Cochorco')
 INSERT INTO Ubigeo VALUE ('130904','1309','13','Curgos')
 INSERT INTO Ubigeo VALUE ('130905','1309','13','Marcabal')
 INSERT INTO Ubigeo VALUE ('130906','1309','13','Sanagoran')
 INSERT INTO Ubigeo VALUE ('130907','1309','13','Sarin')
 INSERT INTO Ubigeo VALUE ('130908','1309','13','Sartimbamba')
 INSERT INTO Ubigeo VALUE ('131001','1310','13','Santiago De Chuco')
 INSERT INTO Ubigeo VALUE ('131002','1310','13','Angasmarca')
 INSERT INTO Ubigeo VALUE ('131003','1310','13','Cachicadan')
 INSERT INTO Ubigeo VALUE ('131004','1310','13','Mollebamba')
 INSERT INTO Ubigeo VALUE ('131005','1310','13','Mollepata')
 INSERT INTO Ubigeo VALUE ('131006','1310','13','Quiruvilca')
 INSERT INTO Ubigeo VALUE ('131007','1310','13','Santa Cruz De Chuca')
 INSERT INTO Ubigeo VALUE ('131008','1310','13','Sitabamba')
 INSERT INTO Ubigeo VALUE ('131101','1311','13','Cascas')
 INSERT INTO Ubigeo VALUE ('131102','1311','13','Lucma')
 INSERT INTO Ubigeo VALUE ('131103','1311','13','Marmot')
 INSERT INTO Ubigeo VALUE ('131104','1311','13','Sayapullo')
 INSERT INTO Ubigeo VALUE ('131201','1312','13','Viru')
 INSERT INTO Ubigeo VALUE ('131202','1312','13','Chao')
 INSERT INTO Ubigeo VALUE ('131203','1312','13','Guadalupito')
 INSERT INTO Ubigeo VALUE ('140101','1401','14','Chiclayo')
 INSERT INTO Ubigeo VALUE ('140102','1401','14','Chongoyape')
 INSERT INTO Ubigeo VALUE ('140103','1401','14','Eten')
 INSERT INTO Ubigeo VALUE ('140104','1401','14','Eten Puerto')
 INSERT INTO Ubigeo VALUE ('140105','1401','14','Jose Leonardo Ortiz')
 INSERT INTO Ubigeo VALUE ('140106','1401','14','La Victoria')
 INSERT INTO Ubigeo VALUE ('140107','1401','14','Lagunas')
 INSERT INTO Ubigeo VALUE ('140108','1401','14','Monsefu')
 INSERT INTO Ubigeo VALUE ('140109','1401','14','Nueva Arica')
 INSERT INTO Ubigeo VALUE ('140110','1401','14','Oyotun')
 INSERT INTO Ubigeo VALUE ('140111','1401','14','Picsi')
 INSERT INTO Ubigeo VALUE ('140112','1401','14','Pimentel')
 INSERT INTO Ubigeo VALUE ('140113','1401','14','Reque')
 INSERT INTO Ubigeo VALUE ('140114','1401','14','Santa Rosa')
 INSERT INTO Ubigeo VALUE ('140115','1401','14','Saña')
 INSERT INTO Ubigeo VALUE ('140116','1401','14','Cayalti')
 INSERT INTO Ubigeo VALUE ('140117','1401','14','Patapo')
 INSERT INTO Ubigeo VALUE ('140118','1401','14','Pomalca')
 INSERT INTO Ubigeo VALUE ('140119','1401','14','Pucala')
 INSERT INTO Ubigeo VALUE ('140120','1401','14','Tuman')
 INSERT INTO Ubigeo VALUE ('140139','1401','14','Cieneguilla')
 INSERT INTO Ubigeo VALUE ('140201','1402','14','Ferreñafe')
 INSERT INTO Ubigeo VALUE ('140202','1402','14','Cañaris')
 INSERT INTO Ubigeo VALUE ('140203','1402','14','Incahuasi')
 INSERT INTO Ubigeo VALUE ('140204','1402','14','Manuel Antonio Mesones Muro')
 INSERT INTO Ubigeo VALUE ('140205','1402','14','Pitipo')
 INSERT INTO Ubigeo VALUE ('140206','1402','14','Pueblo Nuevo')
 INSERT INTO Ubigeo VALUE ('140301','1403','14','Lambayeque')
 INSERT INTO Ubigeo VALUE ('140302','1403','14','Chochope')
 INSERT INTO Ubigeo VALUE ('140303','1403','14','Illimo')
 INSERT INTO Ubigeo VALUE ('140304','1403','14','Jayanca')
 INSERT INTO Ubigeo VALUE ('140305','1403','14','Mochumi')
 INSERT INTO Ubigeo VALUE ('140306','1403','14','Morrope')
 INSERT INTO Ubigeo VALUE ('140307','1403','14','Motupe')
 INSERT INTO Ubigeo VALUE ('140308','1403','14','Olmos')
 INSERT INTO Ubigeo VALUE ('140309','1403','14','Pacora')
 INSERT INTO Ubigeo VALUE ('140310','1403','14','Salas')
 INSERT INTO Ubigeo VALUE ('140311','1403','14','San Jose')
 INSERT INTO Ubigeo VALUE ('140312','1403','14','Tucume')
 INSERT INTO Ubigeo VALUE ('150101','1501','15','Lima')
 INSERT INTO Ubigeo VALUE ('150102','1501','15','Ancon')
 INSERT INTO Ubigeo VALUE ('150103','1501','15','Ate')
 INSERT INTO Ubigeo VALUE ('150104','1501','15','Barranco')
 INSERT INTO Ubigeo VALUE ('150105','1501','15','Breña')
 INSERT INTO Ubigeo VALUE ('150106','1501','15','Carabayllo')
 INSERT INTO Ubigeo VALUE ('150107','1501','15','Chaclacayo')
 INSERT INTO Ubigeo VALUE ('150108','1501','15','Chorrillos')
 INSERT INTO Ubigeo VALUE ('150109','1501','15','Cieneguilla')
 INSERT INTO Ubigeo VALUE ('150110','1501','15','Comas')
 INSERT INTO Ubigeo VALUE ('150111','1501','15','El Agustino')
 INSERT INTO Ubigeo VALUE ('150112','1501','15','Independencia')
 INSERT INTO Ubigeo VALUE ('150113','1501','15','Jesus Maria')
 INSERT INTO Ubigeo VALUE ('150114','1501','15','La Molina')
 INSERT INTO Ubigeo VALUE ('150115','1501','15','La Victoria')
 INSERT INTO Ubigeo VALUE ('150116','1501','15','Lince')
 INSERT INTO Ubigeo VALUE ('150117','1501','15','Los Olivos')
 INSERT INTO Ubigeo VALUE ('150118','1501','15','Lurigancho')
 INSERT INTO Ubigeo VALUE ('150119','1501','15','Lurin')
 INSERT INTO Ubigeo VALUE ('150120','1501','15','Magdalena Del Mar')
 INSERT INTO Ubigeo VALUE ('150121','1501','15','Pueblo Libre')
 INSERT INTO Ubigeo VALUE ('150122','1501','15','Miraflores')
 INSERT INTO Ubigeo VALUE ('150123','1501','15','Pachacamac')
 INSERT INTO Ubigeo VALUE ('150124','1501','15','Pucusana')
 INSERT INTO Ubigeo VALUE ('150125','1501','15','Puente Piedra')
 INSERT INTO Ubigeo VALUE ('150126','1501','15','Punta Hermosa')
 INSERT INTO Ubigeo VALUE ('150127','1501','15','Punta Negra')
 INSERT INTO Ubigeo VALUE ('150128','1501','15','Rimac')
 INSERT INTO Ubigeo VALUE ('150129','1501','15','San Bartolo')
 INSERT INTO Ubigeo VALUE ('150130','1501','15','San Borja')
 INSERT INTO Ubigeo VALUE ('150131','1501','15','San Isidro')
 INSERT INTO Ubigeo VALUE ('150132','1501','15','San Juan De Lurigancho')
 INSERT INTO Ubigeo VALUE ('150133','1501','15','San Juan De Miraflores')
 INSERT INTO Ubigeo VALUE ('150134','1501','15','San Luis')
 INSERT INTO Ubigeo VALUE ('150135','1501','15','San Martin De Porres')
 INSERT INTO Ubigeo VALUE ('150136','1501','15','San Miguel')
 INSERT INTO Ubigeo VALUE ('150137','1501','15','Santa Anita')
 INSERT INTO Ubigeo VALUE ('150138','1501','15','Santa Maria Del Mar')
 INSERT INTO Ubigeo VALUE ('150139','1501','15','Santa Rosa')
 INSERT INTO Ubigeo VALUE ('150140','1501','15','Santiago De Surco')
 INSERT INTO Ubigeo VALUE ('150141','1501','15','Surquillo')
 INSERT INTO Ubigeo VALUE ('150142','1501','15','Villa El Salvador')
 INSERT INTO Ubigeo VALUE ('150143','1501','15','Villa Maria Del Triunfo')
 INSERT INTO Ubigeo VALUE ('150201','1502','15','Barranca')
 INSERT INTO Ubigeo VALUE ('150202','1502','15','Paramonga')
 INSERT INTO Ubigeo VALUE ('150203','1502','15','Pativilca')
 INSERT INTO Ubigeo VALUE ('150204','1502','15','Supe')
 INSERT INTO Ubigeo VALUE ('150205','1502','15','Supe Puerto')
 INSERT INTO Ubigeo VALUE ('150301','1503','15','Cajatambo')
 INSERT INTO Ubigeo VALUE ('150302','1503','15','Copa')
 INSERT INTO Ubigeo VALUE ('150303','1503','15','Gorgor')
 INSERT INTO Ubigeo VALUE ('150304','1503','15','Huancapon')
 INSERT INTO Ubigeo VALUE ('150305','1503','15','Manas')
 INSERT INTO Ubigeo VALUE ('150401','1504','15','Canta')
 INSERT INTO Ubigeo VALUE ('150402','1504','15','Arahuay')
 INSERT INTO Ubigeo VALUE ('150403','1504','15','Huamantanga')
 INSERT INTO Ubigeo VALUE ('150404','1504','15','Huaros')
 INSERT INTO Ubigeo VALUE ('150405','1504','15','Lachaqui')
 INSERT INTO Ubigeo VALUE ('150406','1504','15','San Buenaventura')
 INSERT INTO Ubigeo VALUE ('150407','1504','15','Santa Rosa De Quives')
 INSERT INTO Ubigeo VALUE ('150501','1505','15','San Vicente De Cañete')
 INSERT INTO Ubigeo VALUE ('150502','1505','15','Asia')
 INSERT INTO Ubigeo VALUE ('150503','1505','15','Calango')
 INSERT INTO Ubigeo VALUE ('150504','1505','15','Cerro Azul')
 INSERT INTO Ubigeo VALUE ('150505','1505','15','Chilca')
 INSERT INTO Ubigeo VALUE ('150506','1505','15','Coayllo')
 INSERT INTO Ubigeo VALUE ('150507','1505','15','Imperial')
 INSERT INTO Ubigeo VALUE ('150508','1505','15','Lunahuana')
 INSERT INTO Ubigeo VALUE ('150509','1505','15','Mala')
 INSERT INTO Ubigeo VALUE ('150510','1505','15','Nuevo Imperial')
 INSERT INTO Ubigeo VALUE ('150511','1505','15','Pacaran')
 INSERT INTO Ubigeo VALUE ('150512','1505','15','Quilmana')
 INSERT INTO Ubigeo VALUE ('150513','1505','15','San Antonio')
 INSERT INTO Ubigeo VALUE ('150514','1505','15','San Luis')
 INSERT INTO Ubigeo VALUE ('150515','1505','15','Santa Cruz De Flores')
 INSERT INTO Ubigeo VALUE ('150516','1505','15','Zuñiga')
 INSERT INTO Ubigeo VALUE ('150601','1506','15','Huaral')
 INSERT INTO Ubigeo VALUE ('150602','1506','15','Atavillos Alto')
 INSERT INTO Ubigeo VALUE ('150603','1506','15','Atavillos Bajo')
 INSERT INTO Ubigeo VALUE ('150604','1506','15','Aucallama')
 INSERT INTO Ubigeo VALUE ('150605','1506','15','Chancay')
 INSERT INTO Ubigeo VALUE ('150606','1506','15','Ihuari')
 INSERT INTO Ubigeo VALUE ('150607','1506','15','Lampian')
 INSERT INTO Ubigeo VALUE ('150608','1506','15','Pacaraos')
 INSERT INTO Ubigeo VALUE ('150609','1506','15','San Miguel De Acos')
 INSERT INTO Ubigeo VALUE ('150610','1506','15','Santa Cruz De Andamarca')
 INSERT INTO Ubigeo VALUE ('150611','1506','15','Sumbilca')
 INSERT INTO Ubigeo VALUE ('150612','1506','15','Veintisiete De Noviembre')
 INSERT INTO Ubigeo VALUE ('150701','1507','15','Matucana')
 INSERT INTO Ubigeo VALUE ('150702','1507','15','Antioquia')
 INSERT INTO Ubigeo VALUE ('150703','1507','15','Callahuanca')
 INSERT INTO Ubigeo VALUE ('150704','1507','15','Carampoma')
 INSERT INTO Ubigeo VALUE ('150705','1507','15','Chicla')
 INSERT INTO Ubigeo VALUE ('150706','1507','15','Cuenca')
 INSERT INTO Ubigeo VALUE ('150707','1507','15','Huachupampa')
 INSERT INTO Ubigeo VALUE ('150708','1507','15','Huanza')
 INSERT INTO Ubigeo VALUE ('150709','1507','15','Huarochiri')
 INSERT INTO Ubigeo VALUE ('150710','1507','15','Lahuaytambo')
 INSERT INTO Ubigeo VALUE ('150711','1507','15','Langa')
 INSERT INTO Ubigeo VALUE ('150712','1507','15','San Pedro De Laraos')
 INSERT INTO Ubigeo VALUE ('150713','1507','15','Mariatana')
 INSERT INTO Ubigeo VALUE ('150714','1507','15','Ricardo Palma')
 INSERT INTO Ubigeo VALUE ('150715','1507','15','San Andres De Tupicocha')
 INSERT INTO Ubigeo VALUE ('150716','1507','15','San Antonio')
 INSERT INTO Ubigeo VALUE ('150717','1507','15','San Bartolome')
 INSERT INTO Ubigeo VALUE ('150718','1507','15','San Damian')
 INSERT INTO Ubigeo VALUE ('150719','1507','15','San Juan De Iris')
 INSERT INTO Ubigeo VALUE ('150720','1507','15','San Juan De Tantaranche')
 INSERT INTO Ubigeo VALUE ('150721','1507','15','San Lorenzo De Quinti')
 INSERT INTO Ubigeo VALUE ('150722','1507','15','San Mateo')
 INSERT INTO Ubigeo VALUE ('150723','1507','15','San Mateo De Otao')
 INSERT INTO Ubigeo VALUE ('150724','1507','15','San Pedro De Casta')
 INSERT INTO Ubigeo VALUE ('150725','1507','15','San Pedro De Huancayre')
 INSERT INTO Ubigeo VALUE ('150726','1507','15','Sangallaya')
 INSERT INTO Ubigeo VALUE ('150727','1507','15','Santa Cruz De Cocachacra')
 INSERT INTO Ubigeo VALUE ('150728','1507','15','Santa Eulalia')
 INSERT INTO Ubigeo VALUE ('150729','1507','15','Santiago De Anchucaya')
 INSERT INTO Ubigeo VALUE ('150730','1507','15','Santiago De Tuna')
 INSERT INTO Ubigeo VALUE ('150731','1507','15','Santo Domingo De Los Olleros')
 INSERT INTO Ubigeo VALUE ('150732','1507','15','Surco')
 INSERT INTO Ubigeo VALUE ('150801','1508','15','Huacho')
 INSERT INTO Ubigeo VALUE ('150802','1508','15','Ambar')
 INSERT INTO Ubigeo VALUE ('150803','1508','15','Caleta De Carquin')
 INSERT INTO Ubigeo VALUE ('150804','1508','15','Checras')
 INSERT INTO Ubigeo VALUE ('150805','1508','15','Hualmay')
 INSERT INTO Ubigeo VALUE ('150806','1508','15','Huaura')
 INSERT INTO Ubigeo VALUE ('150807','1508','15','Leoncio Prado')
 INSERT INTO Ubigeo VALUE ('150808','1508','15','Paccho')
 INSERT INTO Ubigeo VALUE ('150809','1508','15','Santa Leonor')
 INSERT INTO Ubigeo VALUE ('150810','1508','15','Santa Maria')
 INSERT INTO Ubigeo VALUE ('150811','1508','15','Sayan')
 INSERT INTO Ubigeo VALUE ('150812','1508','15','Vegueta')
 INSERT INTO Ubigeo VALUE ('150901','1509','15','Oyon')
 INSERT INTO Ubigeo VALUE ('150902','1509','15','Andajes')
 INSERT INTO Ubigeo VALUE ('150903','1509','15','Caujul')
 INSERT INTO Ubigeo VALUE ('150904','1509','15','Cochamarca')
 INSERT INTO Ubigeo VALUE ('150905','1509','15','Navan')
 INSERT INTO Ubigeo VALUE ('150906','1509','15','Pachangara')
 INSERT INTO Ubigeo VALUE ('151001','1510','15','Yauyos')
 INSERT INTO Ubigeo VALUE ('151002','1510','15','Alis')
 INSERT INTO Ubigeo VALUE ('151003','1510','15','Allauca')
 INSERT INTO Ubigeo VALUE ('151004','1510','15','Ayaviri')
 INSERT INTO Ubigeo VALUE ('151005','1510','15','Azangaro')
 INSERT INTO Ubigeo VALUE ('151006','1510','15','Cacra')
 INSERT INTO Ubigeo VALUE ('151007','1510','15','Carania')
 INSERT INTO Ubigeo VALUE ('151008','1510','15','Catahuasi')
 INSERT INTO Ubigeo VALUE ('151009','1510','15','Chocos')
 INSERT INTO Ubigeo VALUE ('151010','1510','15','Cochas')
 INSERT INTO Ubigeo VALUE ('151011','1510','15','Colonia')
 INSERT INTO Ubigeo VALUE ('151012','1510','15','Hongos')
 INSERT INTO Ubigeo VALUE ('151013','1510','15','Huampara')
 INSERT INTO Ubigeo VALUE ('151014','1510','15','Huancaya')
 INSERT INTO Ubigeo VALUE ('151015','1510','15','Huangascar')
 INSERT INTO Ubigeo VALUE ('151016','1510','15','Huantan')
 INSERT INTO Ubigeo VALUE ('151017','1510','15','Huañec')
 INSERT INTO Ubigeo VALUE ('151018','1510','15','Laraos')
 INSERT INTO Ubigeo VALUE ('151019','1510','15','Lincha')
 INSERT INTO Ubigeo VALUE ('151020','1510','15','Madean')
 INSERT INTO Ubigeo VALUE ('151021','1510','15','Miraflores')
 INSERT INTO Ubigeo VALUE ('151022','1510','15','Omas')
 INSERT INTO Ubigeo VALUE ('151023','1510','15','Putinza')
 INSERT INTO Ubigeo VALUE ('151024','1510','15','Quinches')
 INSERT INTO Ubigeo VALUE ('151025','1510','15','Quinocay')
 INSERT INTO Ubigeo VALUE ('151026','1510','15','San Joaquin')
 INSERT INTO Ubigeo VALUE ('151027','1510','15','San Pedro De Pilas')
 INSERT INTO Ubigeo VALUE ('151028','1510','15','Tanta')
 INSERT INTO Ubigeo VALUE ('151029','1510','15','Tauripampa')
 INSERT INTO Ubigeo VALUE ('151030','1510','15','Tomas')
 INSERT INTO Ubigeo VALUE ('151031','1510','15','Tupe')
 INSERT INTO Ubigeo VALUE ('151032','1510','15','Viñac')
 INSERT INTO Ubigeo VALUE ('151033','1510','15','Vitis')
 INSERT INTO Ubigeo VALUE ('160101','1601','16','Iquitos')
 INSERT INTO Ubigeo VALUE ('160102','1601','16','Alto Nanay')
 INSERT INTO Ubigeo VALUE ('160103','1601','16','Fernando Lores')
 INSERT INTO Ubigeo VALUE ('160104','1601','16','Indiana')
 INSERT INTO Ubigeo VALUE ('160105','1601','16','Las Amazonas')
 INSERT INTO Ubigeo VALUE ('160106','1601','16','Mazan')
 INSERT INTO Ubigeo VALUE ('160107','1601','16','Napo')
 INSERT INTO Ubigeo VALUE ('160108','1601','16','Punchana')
 INSERT INTO Ubigeo VALUE ('160109','1601','16','San Antonio del Estrecho')
 INSERT INTO Ubigeo VALUE ('160110','1601','16','Torres Causana')
 INSERT INTO Ubigeo VALUE ('160112','1601','16','Belen')
 INSERT INTO Ubigeo VALUE ('160113','1601','16','San Juan Bautista')
 INSERT INTO Ubigeo VALUE ('160114','1601','16','Soplin Vargas')
 INSERT INTO Ubigeo VALUE ('160201','1602','16','Yurimaguas')
 INSERT INTO Ubigeo VALUE ('160202','1602','16','Balsapuerto')
 INSERT INTO Ubigeo VALUE ('160205','1602','16','Jeberos')
 INSERT INTO Ubigeo VALUE ('160206','1602','16','Lagunas')
 INSERT INTO Ubigeo VALUE ('160210','1602','16','Santa Cruz')
 INSERT INTO Ubigeo VALUE ('160211','1602','16','Teniente Cesar Lopez Rojas')
 INSERT INTO Ubigeo VALUE ('160301','1603','16','Nauta')
 INSERT INTO Ubigeo VALUE ('160302','1603','16','Parinari')
 INSERT INTO Ubigeo VALUE ('160303','1603','16','Tigre')
 INSERT INTO Ubigeo VALUE ('160304','1603','16','Trompeteros')
 INSERT INTO Ubigeo VALUE ('160305','1603','16','Urarinas')
 INSERT INTO Ubigeo VALUE ('160401','1604','16','Ramon Castilla')
 INSERT INTO Ubigeo VALUE ('160402','1604','16','Pebas')
 INSERT INTO Ubigeo VALUE ('160403','1604','16','Yavari')
 INSERT INTO Ubigeo VALUE ('160404','1604','16','San Pablo')
 INSERT INTO Ubigeo VALUE ('160501','1605','16','Requena')
 INSERT INTO Ubigeo VALUE ('160502','1605','16','Alto Tapiche')
 INSERT INTO Ubigeo VALUE ('160503','1605','16','Capelo')
 INSERT INTO Ubigeo VALUE ('160504','1605','16','Emilio San Martin')
 INSERT INTO Ubigeo VALUE ('160505','1605','16','Maquia')
 INSERT INTO Ubigeo VALUE ('160506','1605','16','Puinahua')
 INSERT INTO Ubigeo VALUE ('160507','1605','16','Saquena')
 INSERT INTO Ubigeo VALUE ('160508','1605','16','Soplin')
 INSERT INTO Ubigeo VALUE ('160509','1605','16','Tapiche')
 INSERT INTO Ubigeo VALUE ('160510','1605','16','Jenaro Herrera')
 INSERT INTO Ubigeo VALUE ('160511','1605','16','Yaquerana')
 INSERT INTO Ubigeo VALUE ('160601','1606','16','Contamana')
 INSERT INTO Ubigeo VALUE ('160602','1606','16','Inahuaya')
 INSERT INTO Ubigeo VALUE ('160603','1606','16','Padre Marquez')
 INSERT INTO Ubigeo VALUE ('160604','1606','16','Pampa Hermosa')
 INSERT INTO Ubigeo VALUE ('160605','1606','16','Sarayacu')
 INSERT INTO Ubigeo VALUE ('160606','1606','16','Vargas Guerra')
 INSERT INTO Ubigeo VALUE ('160701','1607','16','Barranca')
 INSERT INTO Ubigeo VALUE ('160702','1607','16','Cahuapanas')
 INSERT INTO Ubigeo VALUE ('160703','1607','16','Manseriche')
 INSERT INTO Ubigeo VALUE ('160704','1607','16','Morona')
 INSERT INTO Ubigeo VALUE ('160705','1607','16','Pastaza')
 INSERT INTO Ubigeo VALUE ('160706','1607','16','Andoas')
 INSERT INTO Ubigeo VALUE ('160801','1608','16','Putumayo')
 INSERT INTO Ubigeo VALUE ('160802','1608','16','Rosa Panduro')
 INSERT INTO Ubigeo VALUE ('160803','1608','16','Teniente Manuel Clavero')
 INSERT INTO Ubigeo VALUE ('160804','1608','16','Yaguas')
 INSERT INTO Ubigeo VALUE ('170101','1701','17','Tambopata')
 INSERT INTO Ubigeo VALUE ('170102','1701','17','Inambari')
 INSERT INTO Ubigeo VALUE ('170103','1701','17','Las Piedras')
 INSERT INTO Ubigeo VALUE ('170104','1701','17','Laberinto')
 INSERT INTO Ubigeo VALUE ('170201','1702','17','Manu')
 INSERT INTO Ubigeo VALUE ('170202','1702','17','Fitzcarrald')
 INSERT INTO Ubigeo VALUE ('170203','1702','17','Madre De Dios')
 INSERT INTO Ubigeo VALUE ('170204','1702','17','Huepetuhe')
 INSERT INTO Ubigeo VALUE ('170301','1703','17','Iñapari')
 INSERT INTO Ubigeo VALUE ('170302','1703','17','Iberia')
 INSERT INTO Ubigeo VALUE ('170303','1703','17','Tahuamanu')
 INSERT INTO Ubigeo VALUE ('180101','1801','18','Moquegua')
 INSERT INTO Ubigeo VALUE ('180102','1801','18','Carumas')
 INSERT INTO Ubigeo VALUE ('180103','1801','18','Cuchumbaya')
 INSERT INTO Ubigeo VALUE ('180104','1801','18','Samegua')
 INSERT INTO Ubigeo VALUE ('180105','1801','18','San Cristobal')
 INSERT INTO Ubigeo VALUE ('180106','1801','18','Torata')
 INSERT INTO Ubigeo VALUE ('180201','1802','18','Omate')
 INSERT INTO Ubigeo VALUE ('180202','1802','18','Chojata')
 INSERT INTO Ubigeo VALUE ('180203','1802','18','Coalaque')
 INSERT INTO Ubigeo VALUE ('180204','1802','18','Ichuña')
 INSERT INTO Ubigeo VALUE ('180205','1802','18','La Capilla')
 INSERT INTO Ubigeo VALUE ('180206','1802','18','Lloque')
 INSERT INTO Ubigeo VALUE ('180207','1802','18','Matalaque')
 INSERT INTO Ubigeo VALUE ('180208','1802','18','Puquina')
 INSERT INTO Ubigeo VALUE ('180209','1802','18','Quinistaquillas')
 INSERT INTO Ubigeo VALUE ('180210','1802','18','Ubinas')
 INSERT INTO Ubigeo VALUE ('180211','1802','18','Yunga')
 INSERT INTO Ubigeo VALUE ('180301','1803','18','Ilo')
 INSERT INTO Ubigeo VALUE ('180302','1803','18','El Algarrobal')
 INSERT INTO Ubigeo VALUE ('180303','1803','18','Pacocha')
 INSERT INTO Ubigeo VALUE ('190101','1901','19','Chaupimarca')
 INSERT INTO Ubigeo VALUE ('190102','1901','19','Huachon')
 INSERT INTO Ubigeo VALUE ('190103','1901','19','Huariaca')
 INSERT INTO Ubigeo VALUE ('190104','1901','19','Huayllay')
 INSERT INTO Ubigeo VALUE ('190105','1901','19','Ninacaca')
 INSERT INTO Ubigeo VALUE ('190106','1901','19','Pallanchacra')
 INSERT INTO Ubigeo VALUE ('190107','1901','19','Paucartambo')
 INSERT INTO Ubigeo VALUE ('190108','1901','19','San Francisco De Asis De Yarusyacan')
 INSERT INTO Ubigeo VALUE ('190109','1901','19','Simon Bolivar')
 INSERT INTO Ubigeo VALUE ('190110','1901','19','Ticlacayan')
 INSERT INTO Ubigeo VALUE ('190111','1901','19','Tinyahuarco')
 INSERT INTO Ubigeo VALUE ('190112','1901','19','Vicco')
 INSERT INTO Ubigeo VALUE ('190113','1901','19','Yanacancha')
 INSERT INTO Ubigeo VALUE ('190114','1901','19','El Tallan')
 INSERT INTO Ubigeo VALUE ('190201','1902','19','Yanahuanca')
 INSERT INTO Ubigeo VALUE ('190202','1902','19','Chacayan')
 INSERT INTO Ubigeo VALUE ('190203','1902','19','Goyllarisquizga')
 INSERT INTO Ubigeo VALUE ('190204','1902','19','Paucar')
 INSERT INTO Ubigeo VALUE ('190205','1902','19','San Pedro De Pillao')
 INSERT INTO Ubigeo VALUE ('190206','1902','19','Santa Ana De Tusi')
 INSERT INTO Ubigeo VALUE ('190207','1902','19','Tapuc')
 INSERT INTO Ubigeo VALUE ('190208','1902','19','Vilcabamba')
 INSERT INTO Ubigeo VALUE ('190301','1903','19','Oxapampa')
 INSERT INTO Ubigeo VALUE ('190302','1903','19','Chontabamba')
 INSERT INTO Ubigeo VALUE ('190303','1903','19','Huancabamba')
 INSERT INTO Ubigeo VALUE ('190304','1903','19','Palcazu')
 INSERT INTO Ubigeo VALUE ('190305','1903','19','Pozuzo')
 INSERT INTO Ubigeo VALUE ('190306','1903','19','Puerto Bermudez')
 INSERT INTO Ubigeo VALUE ('190307','1903','19','Villa Rica')
 INSERT INTO Ubigeo VALUE ('190308','1903','19','Constitucion')
 INSERT INTO Ubigeo VALUE ('200101','2001','20','Piura')
 INSERT INTO Ubigeo VALUE ('200104','2001','20','Castilla')
 INSERT INTO Ubigeo VALUE ('200105','2001','20','Catacaos')
 INSERT INTO Ubigeo VALUE ('200107','2001','20','Cura Mori')
 INSERT INTO Ubigeo VALUE ('200108','2001','20','El Tallan')
 INSERT INTO Ubigeo VALUE ('200109','2001','20','La Arena')
 INSERT INTO Ubigeo VALUE ('200110','2001','20','La Union')
 INSERT INTO Ubigeo VALUE ('200111','2001','20','Las Lomas')
 INSERT INTO Ubigeo VALUE ('200114','2001','20','Tambo Grande')
 INSERT INTO Ubigeo VALUE ('200115','2001','20','Veintiseis De Octubre')
 INSERT INTO Ubigeo VALUE ('200201','2002','20','Ayabaca')
 INSERT INTO Ubigeo VALUE ('200202','2002','20','Frias')
 INSERT INTO Ubigeo VALUE ('200203','2002','20','Jilili')
 INSERT INTO Ubigeo VALUE ('200204','2002','20','Lagunas')
 INSERT INTO Ubigeo VALUE ('200205','2002','20','Montero')
 INSERT INTO Ubigeo VALUE ('200206','2002','20','Pacaipampa')
 INSERT INTO Ubigeo VALUE ('200207','2002','20','Paimas')
 INSERT INTO Ubigeo VALUE ('200208','2002','20','Sapillica')
 INSERT INTO Ubigeo VALUE ('200209','2002','20','Sicchez')
 INSERT INTO Ubigeo VALUE ('200210','2002','20','Suyo')
 INSERT INTO Ubigeo VALUE ('200301','2003','20','Huancabamba')
 INSERT INTO Ubigeo VALUE ('200302','2003','20','Canchaque')
 INSERT INTO Ubigeo VALUE ('200303','2003','20','El Carmen De La Frontera')
 INSERT INTO Ubigeo VALUE ('200304','2003','20','Huarmaca')
 INSERT INTO Ubigeo VALUE ('200305','2003','20','Lalaquiz')
 INSERT INTO Ubigeo VALUE ('200306','2003','20','San Miguel De El Faique')
 INSERT INTO Ubigeo VALUE ('200307','2003','20','Sondor')
 INSERT INTO Ubigeo VALUE ('200308','2003','20','Sondorillo')
 INSERT INTO Ubigeo VALUE ('200401','2004','20','Chulucanas')
 INSERT INTO Ubigeo VALUE ('200402','2004','20','Buenos Aires')
 INSERT INTO Ubigeo VALUE ('200403','2004','20','Chalaco')
 INSERT INTO Ubigeo VALUE ('200404','2004','20','La Matanza')
 INSERT INTO Ubigeo VALUE ('200405','2004','20','Morropon')
 INSERT INTO Ubigeo VALUE ('200406','2004','20','Salitral')
 INSERT INTO Ubigeo VALUE ('200407','2004','20','San Juan De Bigote')
 INSERT INTO Ubigeo VALUE ('200408','2004','20','Santa Catalina De Mossa')
 INSERT INTO Ubigeo VALUE ('200409','2004','20','Santo Domingo')
 INSERT INTO Ubigeo VALUE ('200410','2004','20','Yamango')
 INSERT INTO Ubigeo VALUE ('200501','2005','20','Paita')
 INSERT INTO Ubigeo VALUE ('200502','2005','20','Amotape')
 INSERT INTO Ubigeo VALUE ('200503','2005','20','Arenal')
 INSERT INTO Ubigeo VALUE ('200504','2005','20','Colan')
 INSERT INTO Ubigeo VALUE ('200505','2005','20','La Huaca')
 INSERT INTO Ubigeo VALUE ('200506','2005','20','Tamarindo')
 INSERT INTO Ubigeo VALUE ('200507','2005','20','Vichayal')
 INSERT INTO Ubigeo VALUE ('200601','2006','20','Sullana')
 INSERT INTO Ubigeo VALUE ('200602','2006','20','Bellavista')
 INSERT INTO Ubigeo VALUE ('200603','2006','20','Ignacio Escudero')
 INSERT INTO Ubigeo VALUE ('200604','2006','20','Lancones')
 INSERT INTO Ubigeo VALUE ('200605','2006','20','Marcavelica')
 INSERT INTO Ubigeo VALUE ('200606','2006','20','Miguel Checa')
 INSERT INTO Ubigeo VALUE ('200607','2006','20','Querecotillo')
 INSERT INTO Ubigeo VALUE ('200608','2006','20','Salitral')
 INSERT INTO Ubigeo VALUE ('200701','2007','20','Pariñas')
 INSERT INTO Ubigeo VALUE ('200702','2007','20','El Alto')
 INSERT INTO Ubigeo VALUE ('200703','2007','20','La Brea')
 INSERT INTO Ubigeo VALUE ('200704','2007','20','Lobitos')
 INSERT INTO Ubigeo VALUE ('200705','2007','20','Los Organos')
 INSERT INTO Ubigeo VALUE ('200706','2007','20','Mancora')
 INSERT INTO Ubigeo VALUE ('200801','2008','20','Sechura')
 INSERT INTO Ubigeo VALUE ('200802','2008','20','Bellavista De La Union')
 INSERT INTO Ubigeo VALUE ('200803','2008','20','Bernal')
 INSERT INTO Ubigeo VALUE ('200804','2008','20','Cristo Nos Valga')
 INSERT INTO Ubigeo VALUE ('200805','2008','20','Vice')
 INSERT INTO Ubigeo VALUE ('200806','2008','20','Rinconada Llicuar')
 INSERT INTO Ubigeo VALUE ('210101','2101','21','Puno')
 INSERT INTO Ubigeo VALUE ('210102','2101','21','Acora')
 INSERT INTO Ubigeo VALUE ('210103','2101','21','Amantani')
 INSERT INTO Ubigeo VALUE ('210104','2101','21','Atuncolla')
 INSERT INTO Ubigeo VALUE ('210105','2101','21','Capachica')
 INSERT INTO Ubigeo VALUE ('210106','2101','21','Chucuito')
 INSERT INTO Ubigeo VALUE ('210107','2101','21','Coata')
 INSERT INTO Ubigeo VALUE ('210108','2101','21','Huata')
 INSERT INTO Ubigeo VALUE ('210109','2101','21','Mañazo')
 INSERT INTO Ubigeo VALUE ('210110','2101','21','Paucarcolla')
 INSERT INTO Ubigeo VALUE ('210111','2101','21','Pichacani')
 INSERT INTO Ubigeo VALUE ('210112','2101','21','Plateria')
 INSERT INTO Ubigeo VALUE ('210113','2101','21','San Antonio')
 INSERT INTO Ubigeo VALUE ('210114','2101','21','Tiquillaca')
 INSERT INTO Ubigeo VALUE ('210115','2101','21','Vilque')
 INSERT INTO Ubigeo VALUE ('210201','2102','21','Azangaro')
 INSERT INTO Ubigeo VALUE ('210202','2102','21','Achaya')
 INSERT INTO Ubigeo VALUE ('210203','2102','21','Arapa')
 INSERT INTO Ubigeo VALUE ('210204','2102','21','Asillo')
 INSERT INTO Ubigeo VALUE ('210205','2102','21','Caminaca')
 INSERT INTO Ubigeo VALUE ('210206','2102','21','Chupa')
 INSERT INTO Ubigeo VALUE ('210207','2102','21','Jose Domingo Choquehuanca')
 INSERT INTO Ubigeo VALUE ('210208','2102','21','Muñani')
 INSERT INTO Ubigeo VALUE ('210209','2102','21','Potoni')
 INSERT INTO Ubigeo VALUE ('210210','2102','21','Saman')
 INSERT INTO Ubigeo VALUE ('210211','2102','21','San Anton')
 INSERT INTO Ubigeo VALUE ('210212','2102','21','San Jose')
 INSERT INTO Ubigeo VALUE ('210213','2102','21','San Juan De Salinas')
 INSERT INTO Ubigeo VALUE ('210214','2102','21','Santiago De Pupuja')
 INSERT INTO Ubigeo VALUE ('210215','2102','21','Tirapata')
 INSERT INTO Ubigeo VALUE ('210301','2103','21','Macusani')
 INSERT INTO Ubigeo VALUE ('210302','2103','21','Ajoyani')
 INSERT INTO Ubigeo VALUE ('210303','2103','21','Ayapata')
 INSERT INTO Ubigeo VALUE ('210304','2103','21','Coasa')
 INSERT INTO Ubigeo VALUE ('210305','2103','21','Corani')
 INSERT INTO Ubigeo VALUE ('210306','2103','21','Crucero')
 INSERT INTO Ubigeo VALUE ('210307','2103','21','Ituata')
 INSERT INTO Ubigeo VALUE ('210308','2103','21','Ollachea')
 INSERT INTO Ubigeo VALUE ('210309','2103','21','San Gaban')
 INSERT INTO Ubigeo VALUE ('210310','2103','21','Usicayos')
 INSERT INTO Ubigeo VALUE ('210401','2104','21','Juli')
 INSERT INTO Ubigeo VALUE ('210402','2104','21','Desaguadero')
 INSERT INTO Ubigeo VALUE ('210403','2104','21','Huacullani')
 INSERT INTO Ubigeo VALUE ('210404','2104','21','Kelluyo')
 INSERT INTO Ubigeo VALUE ('210405','2104','21','Pisacoma')
 INSERT INTO Ubigeo VALUE ('210406','2104','21','Pomata')
 INSERT INTO Ubigeo VALUE ('210407','2104','21','Zepita')
 INSERT INTO Ubigeo VALUE ('210501','2105','21','Ilave')
 INSERT INTO Ubigeo VALUE ('210502','2105','21','Capazo')
 INSERT INTO Ubigeo VALUE ('210503','2105','21','Pilcuyo')
 INSERT INTO Ubigeo VALUE ('210504','2105','21','Santa Rosa')
 INSERT INTO Ubigeo VALUE ('210505','2105','21','Conduriri')
 INSERT INTO Ubigeo VALUE ('210601','2106','21','Huancane')
 INSERT INTO Ubigeo VALUE ('210602','2106','21','Cojata')
 INSERT INTO Ubigeo VALUE ('210603','2106','21','Huatasani')
 INSERT INTO Ubigeo VALUE ('210604','2106','21','Inchupalla')
 INSERT INTO Ubigeo VALUE ('210605','2106','21','Pusi')
 INSERT INTO Ubigeo VALUE ('210606','2106','21','Rosaspata')
 INSERT INTO Ubigeo VALUE ('210607','2106','21','Taraco')
 INSERT INTO Ubigeo VALUE ('210608','2106','21','Vilque Chico')
 INSERT INTO Ubigeo VALUE ('210701','2107','21','Lampa')
 INSERT INTO Ubigeo VALUE ('210702','2107','21','Cabanilla')
 INSERT INTO Ubigeo VALUE ('210703','2107','21','Calapuja')
 INSERT INTO Ubigeo VALUE ('210704','2107','21','Nicasio')
 INSERT INTO Ubigeo VALUE ('210705','2107','21','Ocuviri')
 INSERT INTO Ubigeo VALUE ('210706','2107','21','Palca')
 INSERT INTO Ubigeo VALUE ('210707','2107','21','Paratia')
 INSERT INTO Ubigeo VALUE ('210708','2107','21','Pucara')
 INSERT INTO Ubigeo VALUE ('210709','2107','21','Santa Lucia')
 INSERT INTO Ubigeo VALUE ('210710','2107','21','Vilavila')
 INSERT INTO Ubigeo VALUE ('210801','2108','21','Ayaviri')
 INSERT INTO Ubigeo VALUE ('210802','2108','21','Antauta')
 INSERT INTO Ubigeo VALUE ('210803','2108','21','Cupi')
 INSERT INTO Ubigeo VALUE ('210804','2108','21','Llalli')
 INSERT INTO Ubigeo VALUE ('210805','2108','21','Macari')
 INSERT INTO Ubigeo VALUE ('210806','2108','21','Nuñoa')
 INSERT INTO Ubigeo VALUE ('210807','2108','21','Orurillo')
 INSERT INTO Ubigeo VALUE ('210808','2108','21','Santa Rosa')
 INSERT INTO Ubigeo VALUE ('210809','2108','21','Umachiri')
 INSERT INTO Ubigeo VALUE ('210901','2109','21','Moho')
 INSERT INTO Ubigeo VALUE ('210902','2109','21','Conima')
 INSERT INTO Ubigeo VALUE ('210903','2109','21','Huayrapata')
 INSERT INTO Ubigeo VALUE ('210904','2109','21','Tilali')
 INSERT INTO Ubigeo VALUE ('211001','2110','21','Putina')
 INSERT INTO Ubigeo VALUE ('211002','2110','21','Ananea')
 INSERT INTO Ubigeo VALUE ('211003','2110','21','Pedro Vilca Apaza')
 INSERT INTO Ubigeo VALUE ('211004','2110','21','Quilcapuncu')
 INSERT INTO Ubigeo VALUE ('211005','2110','21','Sina')
 INSERT INTO Ubigeo VALUE ('211101','2111','21','Juliaca')
 INSERT INTO Ubigeo VALUE ('211102','2111','21','Cabana')
 INSERT INTO Ubigeo VALUE ('211103','2111','21','Cabanillas')
 INSERT INTO Ubigeo VALUE ('211104','2111','21','Caracoto')
 INSERT INTO Ubigeo VALUE ('211105','2111','21','San Miguel')
 INSERT INTO Ubigeo VALUE ('211201','2112','21','Sandia')
 INSERT INTO Ubigeo VALUE ('211202','2112','21','Cuyocuyo')
 INSERT INTO Ubigeo VALUE ('211203','2112','21','Limbani')
 INSERT INTO Ubigeo VALUE ('211204','2112','21','Patambuco')
 INSERT INTO Ubigeo VALUE ('211205','2112','21','Phara')
 INSERT INTO Ubigeo VALUE ('211206','2112','21','Quiaca')
 INSERT INTO Ubigeo VALUE ('211207','2112','21','San Juan Del Oro')
 INSERT INTO Ubigeo VALUE ('211208','2112','21','Yanahuaya')
 INSERT INTO Ubigeo VALUE ('211209','2112','21','Alto Inambari')
 INSERT INTO Ubigeo VALUE ('211210','2112','21','San Pedro De Putina Punco')
 INSERT INTO Ubigeo VALUE ('211301','2113','21','Yunguyo')
 INSERT INTO Ubigeo VALUE ('211302','2113','21','Anapia')
 INSERT INTO Ubigeo VALUE ('211303','2113','21','Copani')
 INSERT INTO Ubigeo VALUE ('211304','2113','21','Cuturapi')
 INSERT INTO Ubigeo VALUE ('211305','2113','21','Ollaraya')
 INSERT INTO Ubigeo VALUE ('211306','2113','21','Tinicachi')
 INSERT INTO Ubigeo VALUE ('211307','2113','21','Unicachi')
 INSERT INTO Ubigeo VALUE ('220101','2201','22','Moyobamba')
 INSERT INTO Ubigeo VALUE ('220102','2201','22','Calzada')
 INSERT INTO Ubigeo VALUE ('220103','2201','22','Habana')
 INSERT INTO Ubigeo VALUE ('220104','2201','22','Jepelacio')
 INSERT INTO Ubigeo VALUE ('220105','2201','22','Soritor')
 INSERT INTO Ubigeo VALUE ('220106','2201','22','Yantalo')
 INSERT INTO Ubigeo VALUE ('220201','2202','22','Bellavista')
 INSERT INTO Ubigeo VALUE ('220202','2202','22','Alto Biavo')
 INSERT INTO Ubigeo VALUE ('220203','2202','22','Bajo Biavo')
 INSERT INTO Ubigeo VALUE ('220204','2202','22','Huallaga')
 INSERT INTO Ubigeo VALUE ('220205','2202','22','San Pablo')
 INSERT INTO Ubigeo VALUE ('220206','2202','22','San Rafael')
 INSERT INTO Ubigeo VALUE ('220301','2203','22','San Jose De Sisa')
 INSERT INTO Ubigeo VALUE ('220302','2203','22','Agua Blanca')
 INSERT INTO Ubigeo VALUE ('220303','2203','22','San Martin')
 INSERT INTO Ubigeo VALUE ('220304','2203','22','Santa Rosa')
 INSERT INTO Ubigeo VALUE ('220305','2203','22','Shatoja')
 INSERT INTO Ubigeo VALUE ('220401','2204','22','Saposoa')
 INSERT INTO Ubigeo VALUE ('220402','2204','22','Alto Saposoa')
 INSERT INTO Ubigeo VALUE ('220403','2204','22','El Eslabon')
 INSERT INTO Ubigeo VALUE ('220404','2204','22','Piscoyacu')
 INSERT INTO Ubigeo VALUE ('220405','2204','22','Sacanche')
 INSERT INTO Ubigeo VALUE ('220406','2204','22','Tingo De Saposoa')
 INSERT INTO Ubigeo VALUE ('220501','2205','22','Lamas')
 INSERT INTO Ubigeo VALUE ('220502','2205','22','Alonso De Alvarado')
 INSERT INTO Ubigeo VALUE ('220503','2205','22','Barranquita')
 INSERT INTO Ubigeo VALUE ('220504','2205','22','Caynarachi')
 INSERT INTO Ubigeo VALUE ('220505','2205','22','Cuñumbuqui')
 INSERT INTO Ubigeo VALUE ('220506','2205','22','Pinto Recodo')
 INSERT INTO Ubigeo VALUE ('220507','2205','22','Rumisapa')
 INSERT INTO Ubigeo VALUE ('220508','2205','22','San Roque De Cumbaza')
 INSERT INTO Ubigeo VALUE ('220509','2205','22','Shanao')
 INSERT INTO Ubigeo VALUE ('220510','2205','22','Tabalosos')
 INSERT INTO Ubigeo VALUE ('220511','2205','22','Zapatero')
 INSERT INTO Ubigeo VALUE ('220601','2206','22','Juanjui')
 INSERT INTO Ubigeo VALUE ('220602','2206','22','Campanilla')
 INSERT INTO Ubigeo VALUE ('220603','2206','22','Huicungo')
 INSERT INTO Ubigeo VALUE ('220604','2206','22','Pachiza')
 INSERT INTO Ubigeo VALUE ('220605','2206','22','Pajarillo')
 INSERT INTO Ubigeo VALUE ('220701','2207','22','Picota')
 INSERT INTO Ubigeo VALUE ('220702','2207','22','Buenos Aires')
 INSERT INTO Ubigeo VALUE ('220703','2207','22','Caspisapa')
 INSERT INTO Ubigeo VALUE ('220704','2207','22','Pilluana')
 INSERT INTO Ubigeo VALUE ('220705','2207','22','Pucacaca')
 INSERT INTO Ubigeo VALUE ('220706','2207','22','San Cristobal')
 INSERT INTO Ubigeo VALUE ('220707','2207','22','San Hilarion')
 INSERT INTO Ubigeo VALUE ('220708','2207','22','Shamboyacu')
 INSERT INTO Ubigeo VALUE ('220709','2207','22','Tingo De Ponasa')
 INSERT INTO Ubigeo VALUE ('220710','2207','22','Tres Unidos')
 INSERT INTO Ubigeo VALUE ('220801','2208','22','Rioja')
 INSERT INTO Ubigeo VALUE ('220802','2208','22','Awajun')
 INSERT INTO Ubigeo VALUE ('220803','2208','22','Elias Soplin Vargas')
 INSERT INTO Ubigeo VALUE ('220804','2208','22','Nueva Cajamarca')
 INSERT INTO Ubigeo VALUE ('220805','2208','22','Pardo Miguel')
 INSERT INTO Ubigeo VALUE ('220806','2208','22','Posic')
 INSERT INTO Ubigeo VALUE ('220807','2208','22','San Fernando')
 INSERT INTO Ubigeo VALUE ('220808','2208','22','Yorongos')
 INSERT INTO Ubigeo VALUE ('220809','2208','22','Yuracyacu')
 INSERT INTO Ubigeo VALUE ('220901','2209','22','Tarapoto')
 INSERT INTO Ubigeo VALUE ('220902','2209','22','Alberto Leveau')
 INSERT INTO Ubigeo VALUE ('220903','2209','22','Cacatachi')
 INSERT INTO Ubigeo VALUE ('220904','2209','22','Chazuta')
 INSERT INTO Ubigeo VALUE ('220905','2209','22','Chipurana')
 INSERT INTO Ubigeo VALUE ('220906','2209','22','El Porvenir')
 INSERT INTO Ubigeo VALUE ('220907','2209','22','Huimbayoc')
 INSERT INTO Ubigeo VALUE ('220908','2209','22','Juan Guerra')
 INSERT INTO Ubigeo VALUE ('220909','2209','22','La Banda De Shilcayo')
 INSERT INTO Ubigeo VALUE ('220910','2209','22','Morales')
 INSERT INTO Ubigeo VALUE ('220911','2209','22','Papaplaya')
 INSERT INTO Ubigeo VALUE ('220912','2209','22','San Antonio')
 INSERT INTO Ubigeo VALUE ('220913','2209','22','Sauce')
 INSERT INTO Ubigeo VALUE ('220914','2209','22','Shapaja')
 INSERT INTO Ubigeo VALUE ('221001','2210','22','Tocache')
 INSERT INTO Ubigeo VALUE ('221002','2210','22','Nuevo Progreso')
 INSERT INTO Ubigeo VALUE ('221003','2210','22','Polvora')
 INSERT INTO Ubigeo VALUE ('221004','2210','22','Shunte')
 INSERT INTO Ubigeo VALUE ('221005','2210','22','Uchiza')
 INSERT INTO Ubigeo VALUE ('230101','2301','23','Tacna')
 INSERT INTO Ubigeo VALUE ('230102','2301','23','Alto De La Alianza')
 INSERT INTO Ubigeo VALUE ('230103','2301','23','Calana')
 INSERT INTO Ubigeo VALUE ('230104','2301','23','Ciudad Nueva')
 INSERT INTO Ubigeo VALUE ('230105','2301','23','Inclan')
 INSERT INTO Ubigeo VALUE ('230106','2301','23','Pachia')
 INSERT INTO Ubigeo VALUE ('230107','2301','23','Palca')
 INSERT INTO Ubigeo VALUE ('230108','2301','23','Pocollay')
 INSERT INTO Ubigeo VALUE ('230109','2301','23','Sama')
 INSERT INTO Ubigeo VALUE ('230110','2301','23','Coronel Gregorio Albarracin Lanchipa')
 INSERT INTO Ubigeo VALUE ('230111','2301','23','La Yarada Los Palos')
 INSERT INTO Ubigeo VALUE ('230201','2302','23','Candarave')
 INSERT INTO Ubigeo VALUE ('230202','2302','23','Cairani')
 INSERT INTO Ubigeo VALUE ('230203','2302','23','Camilaca')
 INSERT INTO Ubigeo VALUE ('230204','2302','23','Curibaya')
 INSERT INTO Ubigeo VALUE ('230205','2302','23','Huanuara')
 INSERT INTO Ubigeo VALUE ('230206','2302','23','Quilahuani')
 INSERT INTO Ubigeo VALUE ('230301','2303','23','Locumba')
 INSERT INTO Ubigeo VALUE ('230302','2303','23','Ilabaya')
 INSERT INTO Ubigeo VALUE ('230303','2303','23','Ite')
 INSERT INTO Ubigeo VALUE ('230401','2304','23','Tarata')
 INSERT INTO Ubigeo VALUE ('230402','2304','23','Heroes Albarracin')
 INSERT INTO Ubigeo VALUE ('230403','2304','23','Estique')
 INSERT INTO Ubigeo VALUE ('230404','2304','23','EstiquE-Pampa')
 INSERT INTO Ubigeo VALUE ('230405','2304','23','Sitajara')
 INSERT INTO Ubigeo VALUE ('230406','2304','23','Susapaya')
 INSERT INTO Ubigeo VALUE ('230407','2304','23','Tarucachi')
 INSERT INTO Ubigeo VALUE ('230408','2304','23','Ticaco')
 INSERT INTO Ubigeo VALUE ('240101','2401','24','Tumbes')
 INSERT INTO Ubigeo VALUE ('240102','2401','24','Corrales')
 INSERT INTO Ubigeo VALUE ('240103','2401','24','La Cruz')
 INSERT INTO Ubigeo VALUE ('240104','2401','24','Pampas De Hospital')
 INSERT INTO Ubigeo VALUE ('240105','2401','24','San Jacinto')
 INSERT INTO Ubigeo VALUE ('240106','2401','24','San Juan De La Virgen')
 INSERT INTO Ubigeo VALUE ('240201','2402','24','Zorritos')
 INSERT INTO Ubigeo VALUE ('240202','2402','24','Casitas')
 INSERT INTO Ubigeo VALUE ('240203','2402','24','Canoas De Punta Sal')
 INSERT INTO Ubigeo VALUE ('240301','2403','24','Zarumilla')
 INSERT INTO Ubigeo VALUE ('240302','2403','24','Aguas Verdes')
 INSERT INTO Ubigeo VALUE ('240303','2403','24','Matapalo')
 INSERT INTO Ubigeo VALUE ('240304','2403','24','Papayal')
 INSERT INTO Ubigeo VALUE ('250101','2501','25','Calleria')
 INSERT INTO Ubigeo VALUE ('250102','2501','25','Campoverde')
 INSERT INTO Ubigeo VALUE ('250103','2501','25','Iparia')
 INSERT INTO Ubigeo VALUE ('250104','2501','25','Masisea')
 INSERT INTO Ubigeo VALUE ('250105','2501','25','Yarinacocha')
 INSERT INTO Ubigeo VALUE ('250106','2501','25','Nueva Requena')
 INSERT INTO Ubigeo VALUE ('250107','2501','25','Manantay')
 INSERT INTO Ubigeo VALUE ('250201','2502','25','Raymondi')
 INSERT INTO Ubigeo VALUE ('250202','2502','25','Sepahua')
 INSERT INTO Ubigeo VALUE ('250203','2502','25','Tahuania')
 INSERT INTO Ubigeo VALUE ('250204','2502','25','Yurua')
 INSERT INTO Ubigeo VALUE ('250301','2503','25','Padre Abad')
 INSERT INTO Ubigeo VALUE ('250302','2503','25','Irazola')
 INSERT INTO Ubigeo VALUE ('250303','2503','25','Curimana')
 INSERT INTO Ubigeo VALUE ('250304','2503','25','Neshuya')
 INSERT INTO Ubigeo VALUE ('250305','2503','25','Alexander Von Humboldt')
 INSERT INTO Ubigeo VALUE ('250401','2504','25','Purus')
 INSERT INTO Ubigeo VALUE ('A10101','A101','A1','Buenos Aires')
 INSERT INTO Ubigeo VALUE ('A10201','A102','A1','La Plata')
 INSERT INTO Ubigeo VALUE ('A20101','A201','A2','Mendoza Central')
 INSERT INTO Ubigeo VALUE ('E10101','E101','E1','Madrid Metropolitana')
 INSERT INTO Ubigeo VALUE ('E10102','E101','E1','Campiña')
 INSERT INTO Ubigeo VALUE ('E10103','E101','E1','Lozoya')
 INSERT INTO Ubigeo VALUE ('E20101','E201','E2','Guillena')
 INSERT INTO Ubigeo VALUE ('E30101','E301','E3','Santa Marta')